"","against_bug","against_dark","against_dragon","against_electric","against_fairy","against_fight","against_fire","against_flying","against_ghost","against_grass","against_ground","against_ice","against_normal","against_poison","against_psychic","against_rock","against_steel","against_water","attack","base_happiness","capture_rate","defense","height_m","hp","name","sp_attack","sp_defense","speed","type1","type2","weight_kg","generation","is_legendary"
"1",1,1,1,0.5,0.5,0.5,2,2,1,0.25,1,2,1,1,2,1,1,0.5,49,70,"45",49,0.7,45,"Bulbasaur",65,65,45,"grass","poison",6.9,1,0
"2",1,1,1,0.5,0.5,0.5,2,2,1,0.25,1,2,1,1,2,1,1,0.5,62,70,"45",63,1,60,"Ivysaur",80,80,60,"grass","poison",13,1,0
"3",1,1,1,0.5,0.5,0.5,2,2,1,0.25,1,2,1,1,2,1,1,0.5,100,70,"45",123,2,80,"Venusaur",122,120,80,"grass","poison",100,1,0
"4",0.5,1,1,1,0.5,1,0.5,1,1,0.5,2,0.5,1,1,1,2,0.5,2,52,70,"45",43,0.6,39,"Charmander",60,50,65,"fire","",8.5,1,0
"5",0.5,1,1,1,0.5,1,0.5,1,1,0.5,2,0.5,1,1,1,2,0.5,2,64,70,"45",58,1.1,58,"Charmeleon",80,65,80,"fire","",19,1,0
"6",0.25,1,1,2,0.5,0.5,0.5,1,1,0.25,0,1,1,1,1,4,0.5,2,104,70,"45",78,1.7,78,"Charizard",159,115,100,"fire","flying",90.5,1,0
"7",1,1,1,2,1,1,0.5,1,1,2,1,0.5,1,1,1,1,0.5,0.5,48,70,"45",65,0.5,44,"Squirtle",50,64,43,"water","",9,1,0
"8",1,1,1,2,1,1,0.5,1,1,2,1,0.5,1,1,1,1,0.5,0.5,63,70,"45",80,1,59,"Wartortle",65,80,58,"water","",22.5,1,0
"9",1,1,1,2,1,1,0.5,1,1,2,1,0.5,1,1,1,1,0.5,0.5,103,70,"45",120,1.6,79,"Blastoise",135,115,78,"water","",85.5,1,0
"10",1,1,1,1,1,0.5,2,2,1,0.5,0.5,1,1,1,1,2,1,1,30,70,"255",35,0.3,45,"Caterpie",20,20,45,"bug","",2.9,1,0
"11",1,1,1,1,1,0.5,2,2,1,0.5,0.5,1,1,1,1,2,1,1,20,70,"120",55,0.7,50,"Metapod",25,25,30,"bug","",9.9,1,0
"12",0.5,1,1,2,1,0.25,2,2,1,0.25,0,2,1,1,1,4,1,1,45,70,"45",50,1.1,60,"Butterfree",90,80,70,"bug","flying",32,1,0
"13",0.5,1,1,1,0.5,0.25,2,2,1,0.25,1,1,1,0.5,2,2,1,1,35,70,"255",30,0.3,40,"Weedle",20,20,50,"bug","poison",3.2,1,0
"14",0.5,1,1,1,0.5,0.25,2,2,1,0.25,1,1,1,0.5,2,2,1,1,25,70,"120",50,0.6,45,"Kakuna",25,25,35,"bug","poison",10,1,0
"15",0.5,1,1,1,0.5,0.25,2,2,1,0.25,1,1,1,0.5,2,2,1,1,150,70,"45",40,1,65,"Beedrill",15,80,145,"bug","poison",29.5,1,0
"16",0.5,1,1,2,1,1,1,1,0,0.5,0,2,1,1,1,2,1,1,45,70,"255",40,0.3,40,"Pidgey",35,35,56,"normal","flying",1.8,1,0
"17",0.5,1,1,2,1,1,1,1,0,0.5,0,2,1,1,1,2,1,1,60,70,"120",55,1.1,63,"Pidgeotto",50,50,71,"normal","flying",30,1,0
"18",0.5,1,1,2,1,1,1,1,0,0.5,0,2,1,1,1,2,1,1,80,70,"45",80,1.5,83,"Pidgeot",135,80,121,"normal","flying",39.5,1,0
"19",1,1,1,1,1,2,1,1,0,1,1,1,1,1,1,1,1,1,56,70,"255",35,0.3,30,"Rattata",25,35,72,"normal","dark",3.5,1,0
"20",1,1,1,1,1,2,1,1,0,1,1,1,1,1,1,1,1,1,71,70,"127",70,0.7,75,"Raticate",40,80,77,"normal","dark",18.5,1,0
"21",0.5,1,1,2,1,1,1,1,0,0.5,0,2,1,1,1,2,1,1,60,70,"255",30,0.3,40,"Spearow",31,31,70,"normal","flying",2,1,0
"22",0.5,1,1,2,1,1,1,1,0,0.5,0,2,1,1,1,2,1,1,90,70,"90",65,1.2,65,"Fearow",61,61,100,"normal","flying",38,1,0
"23",0.5,1,1,1,0.5,0.5,1,1,1,0.5,2,1,1,0.5,2,1,1,1,60,70,"255",44,2,35,"Ekans",40,54,55,"poison","",6.9,1,0
"24",0.5,1,1,1,0.5,0.5,1,1,1,0.5,2,1,1,0.5,2,1,1,1,95,70,"90",69,3.5,60,"Arbok",65,79,80,"poison","",65,1,0
"25",1,1,1,0.5,1,1,1,0.5,1,1,2,1,1,1,1,1,0.5,1,55,70,"190",40,0.4,35,"Pikachu",50,50,90,"electric","",6,1,0
"26",1,1,1,0.5,1,1,1,0.5,1,1,2,1,1,1,1,1,0.5,1,85,70,"75",50,0.8,60,"Raichu",95,85,110,"electric","electric",30,1,0
"27",1,1,1,0,1,1,1,1,1,2,1,2,1,0.5,1,0.5,1,2,75,70,"255",90,0.6,50,"Sandshrew",10,35,40,"ground","ice",12,1,0
"28",1,1,1,0,1,1,1,1,1,2,1,2,1,0.5,1,0.5,1,2,100,70,"90",120,1,75,"Sandslash",25,65,65,"ground","ice",29.5,1,0
"29",0.5,1,1,1,0.5,0.5,1,1,1,0.5,2,1,1,0.5,2,1,1,1,47,70,"235",52,0.4,55,"Nidoran♀",40,40,41,"poison","",7,1,0
"30",0.5,1,1,1,0.5,0.5,1,1,1,0.5,2,1,1,0.5,2,1,1,1,62,70,"120",67,0.8,70,"Nidorina",55,55,56,"poison","",20,1,0
"31",0.5,1,1,0,0.5,0.5,1,1,1,1,2,2,1,0.25,2,0.5,1,2,92,70,"45",87,1.3,90,"Nidoqueen",75,85,76,"poison","ground",60,1,0
"32",0.5,1,1,1,0.5,0.5,1,1,1,0.5,2,1,1,0.5,2,1,1,1,57,70,"235",40,0.5,46,"Nidoran♂",40,40,50,"poison","",9,1,0
"33",0.5,1,1,1,0.5,0.5,1,1,1,0.5,2,1,1,0.5,2,1,1,1,72,70,"120",57,0.9,61,"Nidorino",55,55,65,"poison","",19.5,1,0
"34",0.5,1,1,0,0.5,0.5,1,1,1,1,2,2,1,0.25,2,0.5,1,2,102,70,"45",77,1.4,81,"Nidoking",85,75,85,"poison","ground",62,1,0
"35",0.5,0.5,0,1,1,0.5,1,1,1,1,1,1,1,2,1,1,2,1,45,140,"150",48,0.6,70,"Clefairy",60,65,35,"fairy","",7.5,1,0
"36",0.5,0.5,0,1,1,0.5,1,1,1,1,1,1,1,2,1,1,2,1,70,140,"25",73,1.3,95,"Clefable",95,90,60,"fairy","",40,1,0
"37",0.5,1,1,1,0.5,1,0.5,1,1,0.5,2,0.5,1,1,1,2,0.5,2,41,70,"190",40,0.6,38,"Vulpix",50,65,65,"fire","ice",9.9,1,0
"38",0.5,1,1,1,0.5,1,0.5,1,1,0.5,2,0.5,1,1,1,2,0.5,2,67,70,"75",75,1.1,73,"Ninetales",81,100,109,"fire","ice",19.9,1,0
"39",0.5,0.5,0,1,1,1,1,1,0,1,1,1,1,2,1,1,2,1,45,70,"170",20,0.5,115,"Jigglypuff",45,25,20,"normal","fairy",5.5,1,0
"40",0.5,0.5,0,1,1,1,1,1,0,1,1,1,1,2,1,1,2,1,70,70,"50",45,1,140,"Wigglytuff",85,50,45,"normal","fairy",12,1,0
"41",0.25,1,1,2,0.5,0.25,1,1,1,0.25,0,2,1,0.5,2,2,1,1,45,70,"255",35,0.8,40,"Zubat",30,40,55,"poison","flying",7.5,1,0
"42",0.25,1,1,2,0.5,0.25,1,1,1,0.25,0,2,1,0.5,2,2,1,1,80,70,"90",70,1.6,75,"Golbat",65,75,90,"poison","flying",55,1,0
"43",1,1,1,0.5,0.5,0.5,2,2,1,0.25,1,2,1,1,2,1,1,0.5,50,70,"255",55,0.5,45,"Oddish",75,65,30,"grass","poison",5.4,1,0
"44",1,1,1,0.5,0.5,0.5,2,2,1,0.25,1,2,1,1,2,1,1,0.5,65,70,"120",70,0.8,60,"Gloom",85,75,40,"grass","poison",8.6,1,0
"45",1,1,1,0.5,0.5,0.5,2,2,1,0.25,1,2,1,1,2,1,1,0.5,80,70,"45",85,1.2,75,"Vileplume",110,90,50,"grass","poison",18.6,1,0
"46",2,1,1,0.5,1,0.5,4,4,1,0.25,0.25,2,1,2,1,2,1,0.5,70,70,"190",55,0.3,35,"Paras",45,55,25,"bug","grass",5.4,1,0
"47",2,1,1,0.5,1,0.5,4,4,1,0.25,0.25,2,1,2,1,2,1,0.5,95,70,"75",80,1,60,"Parasect",60,80,30,"bug","grass",29.5,1,0
"48",0.5,1,1,1,0.5,0.25,2,2,1,0.25,1,1,1,0.5,2,2,1,1,55,70,"190",50,1,60,"Venonat",40,55,45,"bug","poison",30,1,0
"49",0.5,1,1,1,0.5,0.25,2,2,1,0.25,1,1,1,0.5,2,2,1,1,65,70,"75",60,1.5,70,"Venomoth",90,75,90,"bug","poison",12.5,1,0
"50",1,1,1,0,1,1,1,1,1,2,1,2,1,0.5,1,0.5,1,2,55,70,"255",30,0.2,10,"Diglett",35,45,90,"ground","ground",0.8,1,0
"51",1,1,1,0,1,1,1,1,1,2,1,2,1,0.5,1,0.5,1,2,100,70,"50",60,0.7,35,"Dugtrio",50,70,110,"ground","ground",33.3,1,0
"52",1,1,1,1,1,2,1,1,0,1,1,1,1,1,1,1,1,1,35,70,"255",35,0.4,40,"Meowth",50,40,90,"normal","dark",4.2,1,0
"53",1,1,1,1,1,2,1,1,0,1,1,1,1,1,1,1,1,1,60,70,"90",60,1,65,"Persian",75,65,115,"normal","dark",32,1,0
"54",1,1,1,2,1,1,0.5,1,1,2,1,0.5,1,1,1,1,0.5,0.5,52,70,"190",48,0.8,50,"Psyduck",65,50,55,"water","",19.6,1,0
"55",1,1,1,2,1,1,0.5,1,1,2,1,0.5,1,1,1,1,0.5,0.5,82,70,"75",78,1.7,80,"Golduck",95,80,85,"water","",76.6,1,0
"56",0.5,0.5,1,1,2,1,1,2,1,1,1,1,1,1,2,0.5,1,1,80,70,"190",35,0.5,40,"Mankey",35,45,70,"fighting","",28,1,0
"57",0.5,0.5,1,1,2,1,1,2,1,1,1,1,1,1,2,0.5,1,1,105,70,"75",60,1,65,"Primeape",60,70,95,"fighting","",32,1,0
"58",0.5,1,1,1,0.5,1,0.5,1,1,0.5,2,0.5,1,1,1,2,0.5,2,70,70,"190",45,0.7,55,"Growlithe",70,50,60,"fire","",19,1,0
"59",0.5,1,1,1,0.5,1,0.5,1,1,0.5,2,0.5,1,1,1,2,0.5,2,110,70,"75",80,1.9,90,"Arcanine",100,80,95,"fire","",155,1,0
"60",1,1,1,2,1,1,0.5,1,1,2,1,0.5,1,1,1,1,0.5,0.5,50,70,"255",40,0.6,40,"Poliwag",40,40,90,"water","",12.4,1,0
"61",1,1,1,2,1,1,0.5,1,1,2,1,0.5,1,1,1,1,0.5,0.5,65,70,"120",65,1,65,"Poliwhirl",50,50,90,"water","",20,1,0
"62",0.5,0.5,1,2,2,1,0.5,2,1,2,1,0.5,1,1,2,0.5,0.5,0.5,95,70,"45",95,1.3,90,"Poliwrath",70,90,70,"water","fighting",54,1,0
"63",2,2,1,1,1,0.5,1,1,2,1,1,1,1,1,0.5,1,1,1,20,70,"200",15,0.9,25,"Abra",105,55,90,"psychic","",19.5,1,0
"64",2,2,1,1,1,0.5,1,1,2,1,1,1,1,1,0.5,1,1,1,35,70,"100",30,1.3,40,"Kadabra",120,70,105,"psychic","",56.5,1,0
"65",2,2,1,1,1,0.5,1,1,2,1,1,1,1,1,0.5,1,1,1,50,70,"50",65,1.5,55,"Alakazam",175,105,150,"psychic","",48,1,0
"66",0.5,0.5,1,1,2,1,1,2,1,1,1,1,1,1,2,0.5,1,1,80,70,"180",50,0.8,70,"Machop",35,35,35,"fighting","",19.5,1,0
"67",0.5,0.5,1,1,2,1,1,2,1,1,1,1,1,1,2,0.5,1,1,100,70,"90",70,1.5,80,"Machoke",50,60,45,"fighting","",70.5,1,0
"68",0.5,0.5,1,1,2,1,1,2,1,1,1,1,1,1,2,0.5,1,1,130,70,"45",80,1.6,90,"Machamp",65,85,55,"fighting","",130,1,0
"69",1,1,1,0.5,0.5,0.5,2,2,1,0.25,1,2,1,1,2,1,1,0.5,75,70,"255",35,0.7,50,"Bellsprout",70,30,40,"grass","poison",4,1,0
"70",1,1,1,0.5,0.5,0.5,2,2,1,0.25,1,2,1,1,2,1,1,0.5,90,70,"120",50,1,65,"Weepinbell",85,45,55,"grass","poison",6.4,1,0
"71",1,1,1,0.5,0.5,0.5,2,2,1,0.25,1,2,1,1,2,1,1,0.5,105,70,"45",65,1.7,80,"Victreebel",100,70,70,"grass","poison",15.5,1,0
"72",0.5,1,1,2,0.5,0.5,0.5,1,1,1,2,0.5,1,0.5,2,1,0.5,0.5,40,70,"190",35,0.9,40,"Tentacool",50,100,70,"water","poison",45.5,1,0
"73",0.5,1,1,2,0.5,0.5,0.5,1,1,1,2,0.5,1,0.5,2,1,0.5,0.5,70,70,"60",65,1.6,80,"Tentacruel",80,120,100,"water","poison",55,1,0
"74",1,1,1,0,1,2,0.5,0.5,1,4,2,2,0.5,0.25,1,0.5,2,4,80,70,"255",100,0.4,40,"Geodude",30,30,20,"rock","ground",20,1,0
"75",1,1,1,0,1,2,0.5,0.5,1,4,2,2,0.5,0.25,1,0.5,2,4,95,70,"120",115,1,55,"Graveler",45,45,35,"rock","ground",105,1,0
"76",1,1,1,0,1,2,0.5,0.5,1,4,2,2,0.5,0.25,1,0.5,2,4,120,70,"45",130,1.4,80,"Golem",55,65,45,"rock","ground",300,1,0
"77",0.5,1,1,1,0.5,1,0.5,1,1,0.5,2,0.5,1,1,1,2,0.5,2,85,70,"190",55,1,50,"Ponyta",65,65,90,"fire","",30,1,0
"78",0.5,1,1,1,0.5,1,0.5,1,1,0.5,2,0.5,1,1,1,2,0.5,2,100,70,"60",70,1.7,65,"Rapidash",80,80,105,"fire","",95,1,0
"79",2,2,1,2,1,0.5,0.5,1,2,2,1,0.5,1,1,0.5,1,0.5,0.5,65,70,"190",65,1.2,90,"Slowpoke",40,40,15,"water","psychic",36,1,0
"80",2,2,1,2,1,0.5,0.5,1,2,2,1,0.5,1,1,0.5,1,0.5,0.5,75,70,"75",180,1.6,95,"Slowbro",130,80,30,"water","psychic",78.5,1,0
"81",0.5,1,0.5,0.5,0.5,2,2,0.25,1,0.5,4,0.5,0.5,0,0.5,0.5,0.25,1,35,70,"190",70,0.3,25,"Magnemite",95,55,45,"electric","steel",6,1,0
"82",0.5,1,0.5,0.5,0.5,2,2,0.25,1,0.5,4,0.5,0.5,0,0.5,0.5,0.25,1,60,70,"60",95,1,50,"Magneton",120,70,70,"electric","steel",60,1,0
"83",0.5,1,1,2,1,1,1,1,0,0.5,0,2,1,1,1,2,1,1,90,70,"45",55,0.8,52,"Farfetch'd",58,62,60,"normal","flying",15,1,0
"84",0.5,1,1,2,1,1,1,1,0,0.5,0,2,1,1,1,2,1,1,85,70,"190",45,1.4,35,"Doduo",35,35,75,"normal","flying",39.2,1,0
"85",0.5,1,1,2,1,1,1,1,0,0.5,0,2,1,1,1,2,1,1,110,70,"45",70,1.8,60,"Dodrio",60,60,110,"normal","flying",85.2,1,0
"86",1,1,1,2,1,1,0.5,1,1,2,1,0.5,1,1,1,1,0.5,0.5,45,70,"190",55,1.1,65,"Seel",45,70,45,"water","",90,1,0
"87",1,1,1,2,1,2,1,1,1,2,1,0.25,1,1,1,2,1,0.5,70,70,"75",80,1.7,90,"Dewgong",70,95,70,"water","ice",120,1,0
"88",0.5,1,1,1,0.5,0.5,1,1,1,0.5,2,1,1,0.5,2,1,1,1,80,70,"190",50,0.9,80,"Grimer",40,50,25,"poison","poison",30,1,0
"89",0.5,1,1,1,0.5,0.5,1,1,1,0.5,2,1,1,0.5,2,1,1,1,105,70,"75",75,1.2,105,"Muk",65,100,50,"poison","poison",30,1,0
"90",1,1,1,2,1,1,0.5,1,1,2,1,0.5,1,1,1,1,0.5,0.5,65,70,"190",100,0.3,30,"Shellder",45,25,40,"water","",4,1,0
"91",1,1,1,2,1,2,1,1,1,2,1,0.25,1,1,1,2,1,0.5,95,70,"60",180,1.5,50,"Cloyster",85,45,70,"water","ice",132.5,1,0
"92",0.25,2,1,1,0.5,0,1,1,2,0.5,2,1,0,0.25,2,1,1,1,35,70,"190",30,1.3,30,"Gastly",100,35,80,"ghost","poison",0.1,1,0
"93",0.25,2,1,1,0.5,0,1,1,2,0.5,2,1,0,0.25,2,1,1,1,50,70,"90",45,1.6,45,"Haunter",115,55,95,"ghost","poison",0.1,1,0
"94",0.25,2,1,1,0.5,0,1,1,2,0.5,2,1,0,0.25,2,1,1,1,65,70,"45",80,1.5,60,"Gengar",170,95,130,"ghost","poison",40.5,1,0
"95",1,1,1,0,1,2,0.5,0.5,1,4,2,2,0.5,0.25,1,0.5,2,4,45,70,"45",160,8.8,35,"Onix",30,45,70,"rock","ground",210,1,0
"96",2,2,1,1,1,0.5,1,1,2,1,1,1,1,1,0.5,1,1,1,48,70,"190",45,1,60,"Drowzee",43,90,42,"psychic","",32.4,1,0
"97",2,2,1,1,1,0.5,1,1,2,1,1,1,1,1,0.5,1,1,1,73,70,"75",70,1.6,85,"Hypno",73,115,67,"psychic","",75.6,1,0
"98",1,1,1,2,1,1,0.5,1,1,2,1,0.5,1,1,1,1,0.5,0.5,105,70,"225",90,0.4,30,"Krabby",25,25,50,"water","",6.5,1,0
"99",1,1,1,2,1,1,0.5,1,1,2,1,0.5,1,1,1,1,0.5,0.5,130,70,"60",115,1.3,55,"Kingler",50,50,75,"water","",60,1,0
"100",1,1,1,0.5,1,1,1,0.5,1,1,2,1,1,1,1,1,0.5,1,30,70,"190",50,0.5,40,"Voltorb",55,55,100,"electric","",10.4,1,0
"101",1,1,1,0.5,1,1,1,0.5,1,1,2,1,1,1,1,1,0.5,1,50,70,"60",70,1.2,60,"Electrode",80,80,150,"electric","",66.6,1,0
"102",4,2,1,0.5,1,0.5,2,2,2,0.5,0.5,2,1,2,0.5,1,1,0.5,40,70,"90",80,0.4,60,"Exeggcute",60,45,40,"grass","psychic",2.5,1,0
"103",4,2,1,0.5,1,0.5,2,2,2,0.5,0.5,2,1,2,0.5,1,1,0.5,105,70,"45",85,2,95,"Exeggutor",125,75,45,"grass","psychic",120,1,0
"104",1,1,1,0,1,1,1,1,1,2,1,2,1,0.5,1,0.5,1,2,50,70,"190",95,0.4,50,"Cubone",40,50,35,"ground","",6.5,1,0
"105",1,1,1,0,1,1,1,1,1,2,1,2,1,0.5,1,0.5,1,2,80,70,"75",110,1,60,"Marowak",50,80,45,"ground","fire",45,1,0
"106",0.5,0.5,1,1,2,1,1,2,1,1,1,1,1,1,2,0.5,1,1,120,70,"45",53,1.5,50,"Hitmonlee",35,110,87,"fighting","",49.8,1,0
"107",0.5,0.5,1,1,2,1,1,2,1,1,1,1,1,1,2,0.5,1,1,105,70,"45",79,1.4,50,"Hitmonchan",35,110,76,"fighting","",50.2,1,0
"108",1,1,1,1,1,2,1,1,0,1,1,1,1,1,1,1,1,1,55,70,"45",75,1.2,90,"Lickitung",60,75,30,"normal","",65.5,1,0
"109",0.5,1,1,1,0.5,0.5,1,1,1,0.5,2,1,1,0.5,2,1,1,1,65,70,"190",95,0.6,40,"Koffing",60,45,35,"poison","",1,1,0
"110",0.5,1,1,1,0.5,0.5,1,1,1,0.5,2,1,1,0.5,2,1,1,1,90,70,"60",120,1.2,65,"Weezing",85,70,60,"poison","",9.5,1,0
"111",1,1,1,0,1,2,0.5,0.5,1,4,2,2,0.5,0.25,1,0.5,2,4,85,70,"120",95,1,80,"Rhyhorn",30,30,25,"ground","rock",115,1,0
"112",1,1,1,0,1,2,0.5,0.5,1,4,2,2,0.5,0.25,1,0.5,2,4,130,70,"60",120,1.9,105,"Rhydon",45,45,40,"ground","rock",120,1,0
"113",1,1,1,1,1,2,1,1,0,1,1,1,1,1,1,1,1,1,5,140,"30",5,1.1,250,"Chansey",35,105,50,"normal","",34.6,1,0
"114",2,1,1,0.5,1,1,2,2,1,0.5,0.5,2,1,2,1,1,1,0.5,55,70,"45",115,1,65,"Tangela",100,40,60,"grass","",35,1,0
"115",1,1,1,1,1,2,1,1,0,1,1,1,1,1,1,1,1,1,125,70,"45",100,2.2,105,"Kangaskhan",60,100,100,"normal","",80,1,0
"116",1,1,1,2,1,1,0.5,1,1,2,1,0.5,1,1,1,1,0.5,0.5,40,70,"225",70,0.4,30,"Horsea",70,25,60,"water","",8,1,0
"117",1,1,1,2,1,1,0.5,1,1,2,1,0.5,1,1,1,1,0.5,0.5,65,70,"75",95,1.2,55,"Seadra",95,45,85,"water","",25,1,0
"118",1,1,1,2,1,1,0.5,1,1,2,1,0.5,1,1,1,1,0.5,0.5,67,70,"225",60,0.6,45,"Goldeen",35,50,63,"water","",15,1,0
"119",1,1,1,2,1,1,0.5,1,1,2,1,0.5,1,1,1,1,0.5,0.5,92,70,"60",65,1.3,80,"Seaking",65,80,68,"water","",39,1,0
"120",1,1,1,2,1,1,0.5,1,1,2,1,0.5,1,1,1,1,0.5,0.5,45,70,"225",55,0.8,30,"Staryu",70,55,85,"water","",34.5,1,0
"121",2,2,1,2,1,0.5,0.5,1,2,2,1,0.5,1,1,0.5,1,0.5,0.5,75,70,"60",85,1.1,60,"Starmie",100,85,115,"water","psychic",80,1,0
"122",1,1,0,1,1,0.25,1,1,2,1,1,1,1,2,0.5,1,2,1,45,70,"45",65,1.3,40,"Mr. Mime",100,120,90,"psychic","fairy",54.5,1,0
"123",0.5,1,1,2,1,0.25,2,2,1,0.25,0,2,1,1,1,4,1,1,110,70,"45",80,1.5,70,"Scyther",55,80,105,"bug","flying",56,1,0
"124",2,2,1,1,1,1,2,1,2,1,1,0.5,1,1,0.5,2,2,1,50,70,"45",35,1.4,65,"Jynx",115,95,95,"ice","psychic",40.6,1,0
"125",1,1,1,0.5,1,1,1,0.5,1,1,2,1,1,1,1,1,0.5,1,83,70,"45",57,1.1,65,"Electabuzz",95,85,105,"electric","",30,1,0
"126",0.5,1,1,1,0.5,1,0.5,1,1,0.5,2,0.5,1,1,1,2,0.5,2,95,70,"45",57,1.3,65,"Magmar",100,85,93,"fire","",44.5,1,0
"127",1,1,1,1,1,0.5,2,2,1,0.5,0.5,1,1,1,1,2,1,1,155,70,"45",120,1.5,65,"Pinsir",65,90,105,"bug","",55,1,0
"128",1,1,1,1,1,2,1,1,0,1,1,1,1,1,1,1,1,1,100,70,"45",95,1.4,75,"Tauros",40,70,110,"normal","",88.4,1,0
"129",1,1,1,2,1,1,0.5,1,1,2,1,0.5,1,1,1,1,0.5,0.5,10,70,"255",55,0.9,20,"Magikarp",15,20,80,"water","",10,1,0
"130",0.5,1,1,4,1,0.5,0.5,1,1,1,0,1,1,1,1,2,0.5,0.5,155,70,"45",109,6.5,95,"Gyarados",70,130,81,"water","flying",235,1,0
"131",1,1,1,2,1,2,1,1,1,2,1,0.25,1,1,1,2,1,0.5,85,70,"45",80,2.5,130,"Lapras",85,95,60,"water","ice",220,1,0
"132",1,1,1,1,1,2,1,1,0,1,1,1,1,1,1,1,1,1,48,70,"35",48,0.3,48,"Ditto",48,48,48,"normal","",4,1,0
"133",1,1,1,1,1,2,1,1,0,1,1,1,1,1,1,1,1,1,55,70,"45",50,0.3,55,"Eevee",45,65,55,"normal","",6.5,1,0
"134",1,1,1,2,1,1,0.5,1,1,2,1,0.5,1,1,1,1,0.5,0.5,65,70,"45",60,1,130,"Vaporeon",110,95,65,"water","",29,1,0
"135",1,1,1,0.5,1,1,1,0.5,1,1,2,1,1,1,1,1,0.5,1,65,70,"45",60,0.8,65,"Jolteon",110,95,130,"electric","",24.5,1,0
"136",0.5,1,1,1,0.5,1,0.5,1,1,0.5,2,0.5,1,1,1,2,0.5,2,130,70,"45",60,0.9,65,"Flareon",95,110,65,"fire","",25,1,0
"137",1,1,1,1,1,2,1,1,0,1,1,1,1,1,1,1,1,1,60,70,"45",70,0.8,65,"Porygon",85,75,40,"normal","",36.5,1,0
"138",1,1,1,2,1,2,0.25,0.5,1,4,2,0.5,0.5,0.5,1,1,1,1,40,70,"45",100,0.4,35,"Omanyte",90,55,35,"rock","water",7.5,1,0
"139",1,1,1,2,1,2,0.25,0.5,1,4,2,0.5,0.5,0.5,1,1,1,1,60,70,"45",125,1,70,"Omastar",115,70,55,"rock","water",35,1,0
"140",1,1,1,2,1,2,0.25,0.5,1,4,2,0.5,0.5,0.5,1,1,1,1,80,70,"45",90,0.5,30,"Kabuto",55,45,55,"rock","water",11.5,1,0
"141",1,1,1,2,1,2,0.25,0.5,1,4,2,0.5,0.5,0.5,1,1,1,1,115,70,"45",105,1.3,60,"Kabutops",65,70,80,"rock","water",40.5,1,0
"142",0.5,1,1,2,1,1,0.5,0.5,1,1,0,2,0.5,0.5,1,2,2,2,135,70,"45",85,1.8,80,"Aerodactyl",70,95,150,"rock","flying",59,1,0
"143",1,1,1,1,1,2,1,1,0,1,1,1,1,1,1,1,1,1,110,70,"25",65,2.1,160,"Snorlax",65,110,30,"normal","",460,1,0
"144",0.5,1,1,2,1,1,2,1,1,0.5,0,1,1,1,1,4,2,1,85,35,"3",100,1.7,90,"Articuno",95,125,85,"ice","flying",55.4,1,1
"145",0.5,1,1,1,1,0.5,1,0.5,1,0.5,0,2,1,1,1,2,0.5,1,90,35,"3",85,1.6,90,"Zapdos",125,90,100,"electric","flying",52.6,1,1
"146",0.25,1,1,2,0.5,0.5,0.5,1,1,0.25,0,1,1,1,1,4,0.5,2,100,35,"3",90,2,90,"Moltres",125,85,90,"fire","flying",60,1,1
"147",1,1,2,0.5,2,1,0.5,1,1,0.5,1,2,1,1,1,1,1,0.5,64,35,"45",45,1.8,41,"Dratini",50,50,50,"dragon","",3.3,1,0
"148",1,1,2,0.5,2,1,0.5,1,1,0.5,1,2,1,1,1,1,1,0.5,84,35,"45",65,4,61,"Dragonair",70,70,70,"dragon","",16.5,1,0
"149",0.5,1,2,1,2,0.5,0.5,1,1,0.25,0,4,1,1,1,2,1,0.5,134,35,"45",95,2.2,91,"Dragonite",100,100,80,"dragon","flying",210,1,0
"150",2,2,1,1,1,0.5,1,1,2,1,1,1,1,1,0.5,1,1,1,150,0,"3",70,2,106,"Mewtwo",194,120,140,"psychic","",122,1,1
"151",2,2,1,1,1,0.5,1,1,2,1,1,1,1,1,0.5,1,1,1,100,100,"45",100,0.4,100,"Mew",100,100,100,"psychic","",4,1,1
"152",2,1,1,0.5,1,1,2,2,1,0.5,0.5,2,1,2,1,1,1,0.5,49,70,"45",65,0.9,45,"Chikorita",49,65,45,"grass","",6.4,2,0
"153",2,1,1,0.5,1,1,2,2,1,0.5,0.5,2,1,2,1,1,1,0.5,62,70,"45",80,1.2,60,"Bayleef",63,80,60,"grass","",15.8,2,0
"154",2,1,1,0.5,1,1,2,2,1,0.5,0.5,2,1,2,1,1,1,0.5,82,70,"45",100,1.8,80,"Meganium",83,100,80,"grass","",100.5,2,0
"155",0.5,1,1,1,0.5,1,0.5,1,1,0.5,2,0.5,1,1,1,2,0.5,2,52,70,"45",43,0.5,39,"Cyndaquil",60,50,65,"fire","",7.9,2,0
"156",0.5,1,1,1,0.5,1,0.5,1,1,0.5,2,0.5,1,1,1,2,0.5,2,64,70,"45",58,0.9,58,"Quilava",80,65,80,"fire","",19,2,0
"157",0.5,1,1,1,0.5,1,0.5,1,1,0.5,2,0.5,1,1,1,2,0.5,2,84,70,"45",78,1.7,78,"Typhlosion",109,85,100,"fire","",79.5,2,0
"158",1,1,1,2,1,1,0.5,1,1,2,1,0.5,1,1,1,1,0.5,0.5,65,70,"45",64,0.6,50,"Totodile",44,48,43,"water","",9.5,2,0
"159",1,1,1,2,1,1,0.5,1,1,2,1,0.5,1,1,1,1,0.5,0.5,80,70,"45",80,1.1,65,"Croconaw",59,63,58,"water","",25,2,0
"160",1,1,1,2,1,1,0.5,1,1,2,1,0.5,1,1,1,1,0.5,0.5,105,70,"45",100,2.3,85,"Feraligatr",79,83,78,"water","",88.8,2,0
"161",1,1,1,1,1,2,1,1,0,1,1,1,1,1,1,1,1,1,46,70,"255",34,0.8,35,"Sentret",35,45,20,"normal","",6,2,0
"162",1,1,1,1,1,2,1,1,0,1,1,1,1,1,1,1,1,1,76,70,"90",64,1.8,85,"Furret",45,55,90,"normal","",32.5,2,0
"163",0.5,1,1,2,1,1,1,1,0,0.5,0,2,1,1,1,2,1,1,30,70,"255",30,0.7,60,"Hoothoot",36,56,50,"normal","flying",21.2,2,0
"164",0.5,1,1,2,1,1,1,1,0,0.5,0,2,1,1,1,2,1,1,50,70,"90",50,1.6,100,"Noctowl",86,96,70,"normal","flying",40.8,2,0
"165",0.5,1,1,2,1,0.25,2,2,1,0.25,0,2,1,1,1,4,1,1,20,70,"255",30,1,40,"Ledyba",40,80,55,"bug","flying",10.8,2,0
"166",0.5,1,1,2,1,0.25,2,2,1,0.25,0,2,1,1,1,4,1,1,35,70,"90",50,1.4,55,"Ledian",55,110,85,"bug","flying",35.6,2,0
"167",0.5,1,1,1,0.5,0.25,2,2,1,0.25,1,1,1,0.5,2,2,1,1,60,70,"255",40,0.5,40,"Spinarak",40,40,30,"bug","poison",8.5,2,0
"168",0.5,1,1,1,0.5,0.25,2,2,1,0.25,1,1,1,0.5,2,2,1,1,90,70,"90",70,1.1,70,"Ariados",60,70,40,"bug","poison",33.5,2,0
"169",0.25,1,1,2,0.5,0.25,1,1,1,0.25,0,2,1,0.5,2,2,1,1,90,70,"90",80,1.8,85,"Crobat",70,80,130,"poison","flying",75,2,0
"170",1,1,1,1,1,1,0.5,0.5,1,2,2,0.5,1,1,1,1,0.25,0.5,38,70,"190",38,0.5,75,"Chinchou",56,56,67,"water","electric",12,2,0
"171",1,1,1,1,1,1,0.5,0.5,1,2,2,0.5,1,1,1,1,0.25,0.5,58,70,"75",58,1.2,125,"Lanturn",76,76,67,"water","electric",22.5,2,0
"172",1,1,1,0.5,1,1,1,0.5,1,1,2,1,1,1,1,1,0.5,1,40,70,"190",15,0.3,20,"Pichu",35,35,60,"electric","",2,2,0
"173",0.5,0.5,0,1,1,0.5,1,1,1,1,1,1,1,2,1,1,2,1,25,140,"150",28,0.3,50,"Cleffa",45,55,15,"fairy","",3,2,0
"174",0.5,0.5,0,1,1,1,1,1,0,1,1,1,1,2,1,1,2,1,30,70,"170",15,0.3,90,"Igglybuff",40,20,15,"normal","fairy",1,2,0
"175",0.5,0.5,0,1,1,0.5,1,1,1,1,1,1,1,2,1,1,2,1,20,70,"190",65,0.3,35,"Togepi",40,65,20,"fairy","",1.5,2,0
"176",0.25,0.5,0,2,1,0.25,1,1,1,0.5,0,2,1,2,1,2,2,1,40,70,"75",85,0.6,55,"Togetic",80,105,40,"fairy","flying",3.2,2,0
"177",1,2,1,2,1,0.25,1,1,2,0.5,0,2,1,1,0.5,2,1,1,50,70,"190",45,0.2,40,"Natu",70,45,70,"psychic","flying",2,2,0
"178",1,2,1,2,1,0.25,1,1,2,0.5,0,2,1,1,0.5,2,1,1,75,70,"75",70,1.5,65,"Xatu",95,70,95,"psychic","flying",15,2,0
"179",1,1,1,0.5,1,1,1,0.5,1,1,2,1,1,1,1,1,0.5,1,40,70,"235",40,0.6,55,"Mareep",65,45,35,"electric","",7.8,2,0
"180",1,1,1,0.5,1,1,1,0.5,1,1,2,1,1,1,1,1,0.5,1,55,70,"120",55,0.8,70,"Flaaffy",80,60,45,"electric","",13.3,2,0
"181",1,1,1,0.5,1,1,1,0.5,1,1,2,1,1,1,1,1,0.5,1,95,70,"45",105,1.4,90,"Ampharos",165,110,45,"electric","",61.5,2,0
"182",2,1,1,0.5,1,1,2,2,1,0.5,0.5,2,1,2,1,1,1,0.5,80,70,"45",95,0.4,75,"Bellossom",90,100,50,"grass","",5.8,2,0
"183",0.5,0.5,0,2,1,0.5,0.5,1,1,2,1,0.5,1,2,1,1,1,0.5,20,70,"190",50,0.4,70,"Marill",20,50,40,"water","fairy",8.5,2,0
"184",0.5,0.5,0,2,1,0.5,0.5,1,1,2,1,0.5,1,2,1,1,1,0.5,50,70,"75",80,0.8,100,"Azumarill",60,80,50,"water","fairy",28.5,2,0
"185",1,1,1,1,1,2,0.5,0.5,1,2,2,1,0.5,0.5,1,1,2,2,100,70,"65",115,1.2,70,"Sudowoodo",30,65,30,"rock","",38,2,0
"186",1,1,1,2,1,1,0.5,1,1,2,1,0.5,1,1,1,1,0.5,0.5,75,70,"45",75,1.1,90,"Politoed",90,100,70,"water","",33.9,2,0
"187",1,1,1,1,1,0.5,2,2,1,0.25,0,4,1,2,1,2,1,0.5,35,70,"255",40,0.4,35,"Hoppip",35,55,50,"grass","flying",0.5,2,0
"188",1,1,1,1,1,0.5,2,2,1,0.25,0,4,1,2,1,2,1,0.5,45,70,"120",50,0.6,55,"Skiploom",45,65,80,"grass","flying",1,2,0
"189",1,1,1,1,1,0.5,2,2,1,0.25,0,4,1,2,1,2,1,0.5,55,70,"45",70,0.8,75,"Jumpluff",55,95,110,"grass","flying",3,2,0
"190",1,1,1,1,1,2,1,1,0,1,1,1,1,1,1,1,1,1,70,70,"45",55,0.8,55,"Aipom",40,55,85,"normal","",11.5,2,0
"191",2,1,1,0.5,1,1,2,2,1,0.5,0.5,2,1,2,1,1,1,0.5,30,70,"235",30,0.3,30,"Sunkern",30,30,30,"grass","",1.8,2,0
"192",2,1,1,0.5,1,1,2,2,1,0.5,0.5,2,1,2,1,1,1,0.5,75,70,"120",55,0.8,75,"Sunflora",105,85,30,"grass","",8.5,2,0
"193",0.5,1,1,2,1,0.25,2,2,1,0.25,0,2,1,1,1,4,1,1,65,70,"75",45,1.2,65,"Yanma",75,45,95,"bug","flying",38,2,0
"194",1,1,1,0,1,1,0.5,1,1,4,1,1,1,0.5,1,0.5,0.5,1,45,70,"255",45,0.4,55,"Wooper",25,25,15,"water","ground",8.5,2,0
"195",1,1,1,0,1,1,0.5,1,1,4,1,1,1,0.5,1,0.5,0.5,1,85,70,"90",85,1.4,95,"Quagsire",65,65,35,"water","ground",75,2,0
"196",2,2,1,1,1,0.5,1,1,2,1,1,1,1,1,0.5,1,1,1,65,70,"45",60,0.9,65,"Espeon",130,95,110,"psychic","",26.5,2,0
"197",2,0.5,1,1,2,2,1,1,0.5,1,1,1,1,1,0,1,1,1,65,35,"45",110,1,95,"Umbreon",60,130,65,"dark","",27,2,0
"198",1,0.5,1,2,2,1,1,1,0.5,0.5,0,2,1,1,0,2,1,1,85,35,"30",42,0.5,60,"Murkrow",85,42,91,"dark","flying",2.1,2,0
"199",2,2,1,2,1,0.5,0.5,1,2,2,1,0.5,1,1,0.5,1,0.5,0.5,75,70,"70",80,2,95,"Slowking",100,110,30,"water","psychic",79.5,2,0
"200",0.5,2,1,1,1,0,1,1,2,1,1,1,0,0.5,1,1,1,1,60,35,"45",60,0.7,60,"Misdreavus",85,85,85,"ghost","",1,2,0
"201",2,2,1,1,1,0.5,1,1,2,1,1,1,1,1,0.5,1,1,1,72,70,"225",48,0.5,48,"Unown",72,48,48,"psychic","",5,2,0
"202",2,2,1,1,1,0.5,1,1,2,1,1,1,1,1,0.5,1,1,1,33,70,"45",58,1.3,190,"Wobbuffet",33,58,33,"psychic","",28.5,2,0
"203",2,2,1,1,1,1,1,1,0,1,1,1,1,1,0.5,1,1,1,80,70,"60",65,1.5,70,"Girafarig",90,65,85,"normal","psychic",41.5,2,0
"204",1,1,1,1,1,0.5,2,2,1,0.5,0.5,1,1,1,1,2,1,1,65,70,"190",90,0.6,50,"Pineco",35,35,15,"bug","",7.2,2,0
"205",0.5,1,0.5,1,0.5,1,4,1,1,0.25,1,0.5,0.5,0,0.5,1,0.5,1,90,70,"75",140,1.2,75,"Forretress",60,60,40,"bug","steel",125.8,2,0
"206",1,1,1,1,1,2,1,1,0,1,1,1,1,1,1,1,1,1,70,70,"190",70,1.5,100,"Dunsparce",65,65,45,"normal","",14,2,0
"207",0.5,1,1,0,1,0.5,1,1,1,1,0,4,1,0.5,1,1,1,2,75,70,"60",105,1.1,65,"Gligar",35,65,85,"ground","flying",64.8,2,0
"208",0.5,1,0.5,0,0.5,2,2,0.5,1,1,2,1,0.5,0,0.5,0.25,0.5,2,125,70,"25",230,9.2,75,"Steelix",55,95,30,"steel","ground",400,2,0
"209",0.5,0.5,0,1,1,0.5,1,1,1,1,1,1,1,2,1,1,2,1,80,70,"190",50,0.6,60,"Snubbull",40,40,30,"fairy","",7.8,2,0
"210",0.5,0.5,0,1,1,0.5,1,1,1,1,1,1,1,2,1,1,2,1,120,70,"75",75,1.4,90,"Granbull",60,60,45,"fairy","",48.7,2,0
"211",0.5,1,1,2,0.5,0.5,0.5,1,1,1,2,0.5,1,0.5,2,1,0.5,0.5,95,70,"45",85,0.5,65,"Qwilfish",55,55,85,"water","poison",3.9,2,0
"212",0.5,1,0.5,1,0.5,1,4,1,1,0.25,1,0.5,0.5,0,0.5,1,0.5,1,150,70,"25",140,1.8,70,"Scizor",65,100,75,"bug","steel",118,2,0
"213",1,1,1,1,1,1,1,1,1,1,1,1,0.5,0.5,1,2,2,2,10,70,"190",230,0.6,20,"Shuckle",10,230,5,"bug","rock",20.5,2,0
"214",0.5,0.5,1,1,2,0.5,2,4,1,0.5,0.5,1,1,1,2,1,1,1,185,70,"45",115,1.5,80,"Heracross",40,105,75,"bug","fighting",54,2,0
"215",2,0.5,1,1,2,4,2,1,0.5,1,1,0.5,1,1,0,2,2,1,95,35,"60",55,0.9,55,"Sneasel",35,75,115,"dark","ice",28,2,0
"216",1,1,1,1,1,2,1,1,0,1,1,1,1,1,1,1,1,1,80,70,"120",50,0.6,60,"Teddiursa",50,50,40,"normal","",8.8,2,0
"217",1,1,1,1,1,2,1,1,0,1,1,1,1,1,1,1,1,1,130,70,"60",75,1.8,90,"Ursaring",75,75,55,"normal","",125.8,2,0
"218",0.5,1,1,1,0.5,1,0.5,1,1,0.5,2,0.5,1,1,1,2,0.5,2,40,70,"190",40,0.7,40,"Slugma",70,40,20,"fire","",35,2,0
"219",0.5,1,1,1,0.5,2,0.25,0.5,1,1,4,0.5,0.5,0.5,1,2,1,4,50,70,"75",120,0.8,60,"Magcargo",90,80,30,"fire","rock",55,2,0
"220",1,1,1,0,1,2,2,1,1,2,1,1,1,0.5,1,1,2,2,50,70,"225",40,0.4,50,"Swinub",30,30,50,"ice","ground",6.5,2,0
"221",1,1,1,0,1,2,2,1,1,2,1,1,1,0.5,1,1,2,2,100,70,"75",80,1.1,100,"Piloswine",60,60,50,"ice","ground",55.8,2,0
"222",1,1,1,2,1,2,0.25,0.5,1,4,2,0.5,0.5,0.5,1,1,1,1,55,70,"60",95,0.6,65,"Corsola",65,95,35,"water","rock",5,2,0
"223",1,1,1,2,1,1,0.5,1,1,2,1,0.5,1,1,1,1,0.5,0.5,65,70,"190",35,0.6,35,"Remoraid",65,35,65,"water","",12,2,0
"224",1,1,1,2,1,1,0.5,1,1,2,1,0.5,1,1,1,1,0.5,0.5,105,70,"75",75,0.9,75,"Octillery",105,75,45,"water","",28.5,2,0
"225",0.5,1,1,2,1,1,2,1,1,0.5,0,1,1,1,1,4,2,1,55,70,"45",45,0.9,45,"Delibird",65,45,75,"ice","flying",16,2,0
"226",0.5,1,1,4,1,0.5,0.5,1,1,1,0,1,1,1,1,2,0.5,0.5,40,70,"25",70,2.1,85,"Mantine",80,140,70,"water","flying",220,2,0
"227",0.25,1,0.5,2,0.5,1,2,0.5,1,0.25,0,1,0.5,0,0.5,1,0.5,1,80,70,"25",140,1.7,65,"Skarmory",40,70,70,"steel","flying",50.5,2,0
"228",1,0.5,1,1,1,2,0.5,1,0.5,0.5,2,0.5,1,1,0,2,0.5,2,60,35,"120",30,0.6,45,"Houndour",80,50,65,"dark","fire",10.8,2,0
"229",1,0.5,1,1,1,2,0.5,1,0.5,0.5,2,0.5,1,1,0,2,0.5,2,90,35,"45",90,1.4,75,"Houndoom",140,90,115,"dark","fire",35,2,0
"230",1,1,2,1,2,1,0.25,1,1,1,1,1,1,1,1,1,0.5,0.25,95,70,"45",95,1.8,75,"Kingdra",95,95,85,"water","dragon",152,2,0
"231",1,1,1,0,1,1,1,1,1,2,1,2,1,0.5,1,0.5,1,2,60,70,"120",60,0.5,90,"Phanpy",40,40,40,"ground","",33.5,2,0
"232",1,1,1,0,1,1,1,1,1,2,1,2,1,0.5,1,0.5,1,2,120,70,"60",120,1.1,90,"Donphan",60,60,50,"ground","",120,2,0
"233",1,1,1,1,1,2,1,1,0,1,1,1,1,1,1,1,1,1,80,70,"45",90,0.6,85,"Porygon2",105,95,60,"normal","",32.5,2,0
"234",1,1,1,1,1,2,1,1,0,1,1,1,1,1,1,1,1,1,95,70,"45",62,1.4,73,"Stantler",85,65,85,"normal","",71.2,2,0
"235",1,1,1,1,1,2,1,1,0,1,1,1,1,1,1,1,1,1,20,70,"45",35,1.2,55,"Smeargle",20,45,75,"normal","",58,2,0
"236",0.5,0.5,1,1,2,1,1,2,1,1,1,1,1,1,2,0.5,1,1,35,70,"75",35,0.7,35,"Tyrogue",35,35,35,"fighting","",21,2,0
"237",0.5,0.5,1,1,2,1,1,2,1,1,1,1,1,1,2,0.5,1,1,95,70,"45",95,1.4,50,"Hitmontop",35,110,70,"fighting","",48,2,0
"238",2,2,1,1,1,1,2,1,2,1,1,0.5,1,1,0.5,2,2,1,30,70,"45",15,0.4,45,"Smoochum",85,65,65,"ice","psychic",6,2,0
"239",1,1,1,0.5,1,1,1,0.5,1,1,2,1,1,1,1,1,0.5,1,63,70,"45",37,0.6,45,"Elekid",65,55,95,"electric","",23.5,2,0
"240",0.5,1,1,1,0.5,1,0.5,1,1,0.5,2,0.5,1,1,1,2,0.5,2,75,70,"45",37,0.7,45,"Magby",70,55,83,"fire","",21.4,2,0
"241",1,1,1,1,1,2,1,1,0,1,1,1,1,1,1,1,1,1,80,70,"45",105,1.2,95,"Miltank",40,70,100,"normal","",75.5,2,0
"242",1,1,1,1,1,2,1,1,0,1,1,1,1,1,1,1,1,1,10,140,"30",10,1.5,255,"Blissey",75,135,55,"normal","",46.8,2,0
"243",1,1,1,0.5,1,1,1,0.5,1,1,2,1,1,1,1,1,0.5,1,85,35,"3",75,1.9,90,"Raikou",115,100,115,"electric","",178,2,1
"244",0.5,1,1,1,0.5,1,0.5,1,1,0.5,2,0.5,1,1,1,2,0.5,2,115,35,"3",85,2.1,115,"Entei",90,75,100,"fire","",198,2,1
"245",1,1,1,2,1,1,0.5,1,1,2,1,0.5,1,1,1,1,0.5,0.5,75,35,"3",115,2,100,"Suicune",90,115,85,"water","",187,2,1
"246",1,1,1,0,1,2,0.5,0.5,1,4,2,2,0.5,0.25,1,0.5,2,4,64,35,"45",50,0.6,50,"Larvitar",45,50,41,"rock","ground",72,2,0
"247",1,1,1,0,1,2,0.5,0.5,1,4,2,2,0.5,0.25,1,0.5,2,4,84,35,"45",70,1.2,70,"Pupitar",65,70,51,"rock","ground",152,2,0
"248",2,0.5,1,1,2,4,0.5,0.5,0.5,2,2,1,0.5,0.5,0,1,2,2,164,35,"45",150,2,100,"Tyranitar",95,120,71,"rock","dark",202,2,0
"249",1,2,1,2,1,0.25,1,1,2,0.5,0,2,1,1,0.5,2,1,1,90,0,"3",130,5.2,106,"Lugia",90,154,110,"psychic","flying",216,2,1
"250",0.25,1,1,2,0.5,0.5,0.5,1,1,0.25,0,1,1,1,1,4,0.5,2,130,0,"3",90,3.8,106,"Ho-Oh",110,154,90,"fire","flying",199,2,1
"251",4,2,1,0.5,1,0.5,2,2,2,0.5,0.5,2,1,2,0.5,1,1,0.5,100,100,"45",100,0.6,100,"Celebi",100,100,100,"psychic","grass",5,2,1
"252",2,1,1,0.5,1,1,2,2,1,0.5,0.5,2,1,2,1,1,1,0.5,45,70,"45",35,0.5,40,"Treecko",65,55,70,"grass","",5,3,0
"253",2,1,1,0.5,1,1,2,2,1,0.5,0.5,2,1,2,1,1,1,0.5,65,70,"45",45,0.9,50,"Grovyle",85,65,95,"grass","",21.6,3,0
"254",2,1,1,0.5,1,1,2,2,1,0.5,0.5,2,1,2,1,1,1,0.5,110,70,"45",75,1.7,70,"Sceptile",145,85,145,"grass","",52.2,3,0
"255",0.5,1,1,1,0.5,1,0.5,1,1,0.5,2,0.5,1,1,1,2,0.5,2,60,70,"45",40,0.4,45,"Torchic",70,50,45,"fire","",2.5,3,0
"256",0.25,0.5,1,1,1,1,0.5,2,1,0.5,2,0.5,1,1,2,1,0.5,2,85,70,"45",60,0.9,60,"Combusken",85,60,55,"fire","fighting",19.5,3,0
"257",0.25,0.5,1,1,1,1,0.5,2,1,0.5,2,0.5,1,1,2,1,0.5,2,160,70,"45",80,1.9,80,"Blaziken",130,80,100,"fire","fighting",52,3,0
"258",1,1,1,2,1,1,0.5,1,1,2,1,0.5,1,1,1,1,0.5,0.5,70,70,"45",50,0.4,50,"Mudkip",50,50,40,"water","",7.6,3,0
"259",1,1,1,0,1,1,0.5,1,1,4,1,1,1,0.5,1,0.5,0.5,1,85,70,"45",70,0.7,70,"Marshtomp",60,70,50,"water","ground",28,3,0
"260",1,1,1,0,1,1,0.5,1,1,4,1,1,1,0.5,1,0.5,0.5,1,150,70,"45",110,1.5,100,"Swampert",95,110,70,"water","ground",81.9,3,0
"261",2,0.5,1,1,2,2,1,1,0.5,1,1,1,1,1,0,1,1,1,55,70,"255",35,0.5,35,"Poochyena",30,30,35,"dark","",13.6,3,0
"262",2,0.5,1,1,2,2,1,1,0.5,1,1,1,1,1,0,1,1,1,90,70,"127",70,1,70,"Mightyena",60,60,70,"dark","",37,3,0
"263",1,1,1,1,1,2,1,1,0,1,1,1,1,1,1,1,1,1,30,70,"255",41,0.4,38,"Zigzagoon",30,41,60,"normal","",17.5,3,0
"264",1,1,1,1,1,2,1,1,0,1,1,1,1,1,1,1,1,1,70,70,"90",61,0.5,78,"Linoone",50,61,100,"normal","",32.5,3,0
"265",1,1,1,1,1,0.5,2,2,1,0.5,0.5,1,1,1,1,2,1,1,45,70,"255",35,0.3,45,"Wurmple",20,30,20,"bug","",3.6,3,0
"266",1,1,1,1,1,0.5,2,2,1,0.5,0.5,1,1,1,1,2,1,1,35,70,"120",55,0.6,50,"Silcoon",25,25,15,"bug","",10,3,0
"267",0.5,1,1,2,1,0.25,2,2,1,0.25,0,2,1,1,1,4,1,1,70,70,"45",50,1,60,"Beautifly",100,50,65,"bug","flying",28.4,3,0
"268",1,1,1,1,1,0.5,2,2,1,0.5,0.5,1,1,1,1,2,1,1,35,70,"120",55,0.7,50,"Cascoon",25,25,15,"bug","",11.5,3,0
"269",0.5,1,1,1,0.5,0.25,2,2,1,0.25,1,1,1,0.5,2,2,1,1,50,70,"45",70,1.2,60,"Dustox",50,90,65,"bug","poison",31.6,3,0
"270",2,1,1,1,1,1,1,2,1,1,0.5,1,1,2,1,1,0.5,0.25,30,70,"255",30,0.5,40,"Lotad",40,50,30,"water","grass",2.6,3,0
"271",2,1,1,1,1,1,1,2,1,1,0.5,1,1,2,1,1,0.5,0.25,50,70,"120",50,1.2,60,"Lombre",60,70,50,"water","grass",32.5,3,0
"272",2,1,1,1,1,1,1,2,1,1,0.5,1,1,2,1,1,0.5,0.25,70,70,"45",70,1.5,80,"Ludicolo",90,100,70,"water","grass",55,3,0
"273",2,1,1,0.5,1,1,2,2,1,0.5,0.5,2,1,2,1,1,1,0.5,40,70,"255",50,0.5,40,"Seedot",30,30,30,"grass","",4,3,0
"274",4,0.5,1,0.5,2,2,2,2,0.5,0.5,0.5,2,1,2,0,1,1,0.5,70,70,"120",40,1,70,"Nuzleaf",60,40,60,"grass","dark",28,3,0
"275",4,0.5,1,0.5,2,2,2,2,0.5,0.5,0.5,2,1,2,0,1,1,0.5,100,70,"45",60,1.3,90,"Shiftry",90,60,80,"grass","dark",59.6,3,0
"276",0.5,1,1,2,1,1,1,1,0,0.5,0,2,1,1,1,2,1,1,55,70,"200",30,0.3,40,"Taillow",30,30,85,"normal","flying",2.3,3,0
"277",0.5,1,1,2,1,1,1,1,0,0.5,0,2,1,1,1,2,1,1,85,70,"45",60,0.7,60,"Swellow",75,50,125,"normal","flying",19.8,3,0
"278",0.5,1,1,4,1,0.5,0.5,1,1,1,0,1,1,1,1,2,0.5,0.5,30,70,"190",30,0.6,40,"Wingull",55,30,85,"water","flying",9.5,3,0
"279",0.5,1,1,4,1,0.5,0.5,1,1,1,0,1,1,1,1,2,0.5,0.5,50,70,"45",100,1.2,60,"Pelipper",95,70,65,"water","flying",28,3,0
"280",1,1,0,1,1,0.25,1,1,2,1,1,1,1,2,0.5,1,2,1,25,35,"235",25,0.4,28,"Ralts",45,35,40,"psychic","fairy",6.6,3,0
"281",1,1,0,1,1,0.25,1,1,2,1,1,1,1,2,0.5,1,2,1,35,35,"120",35,0.8,38,"Kirlia",65,55,50,"psychic","fairy",20.2,3,0
"282",1,1,0,1,1,0.25,1,1,2,1,1,1,1,2,0.5,1,2,1,85,35,"45",65,1.6,68,"Gardevoir",165,135,100,"psychic","fairy",48.4,3,0
"283",1,1,1,2,1,0.5,1,2,1,1,0.5,0.5,1,1,1,2,0.5,0.5,30,70,"200",32,0.5,40,"Surskit",50,52,65,"bug","water",1.7,3,0
"284",0.5,1,1,2,1,0.25,2,2,1,0.25,0,2,1,1,1,4,1,1,60,70,"75",62,0.8,70,"Masquerain",100,82,80,"bug","flying",3.6,3,0
"285",2,1,1,0.5,1,1,2,2,1,0.5,0.5,2,1,2,1,1,1,0.5,40,70,"255",60,0.4,60,"Shroomish",40,60,35,"grass","",4.5,3,0
"286",1,0.5,1,0.5,2,1,2,4,1,0.5,0.5,2,1,2,2,0.5,1,0.5,130,70,"90",80,1.2,60,"Breloom",60,60,70,"grass","fighting",39.2,3,0
"287",1,1,1,1,1,2,1,1,0,1,1,1,1,1,1,1,1,1,60,70,"255",60,0.8,60,"Slakoth",35,35,30,"normal","",24,3,0
"288",1,1,1,1,1,2,1,1,0,1,1,1,1,1,1,1,1,1,80,70,"120",80,1.4,80,"Vigoroth",55,55,90,"normal","",46.5,3,0
"289",1,1,1,1,1,2,1,1,0,1,1,1,1,1,1,1,1,1,160,70,"45",100,2,150,"Slaking",95,65,100,"normal","",130.5,3,0
"290",1,1,1,0,1,0.5,2,2,1,1,0.5,2,1,0.5,1,1,1,2,45,70,"255",90,0.5,31,"Nincada",30,30,40,"bug","ground",5.5,3,0
"291",0.5,1,1,2,1,0.25,2,2,1,0.25,0,2,1,1,1,4,1,1,90,70,"120",45,0.8,61,"Ninjask",50,50,160,"bug","flying",12,3,0
"292",0.5,2,1,1,1,0,2,2,2,0.5,0.5,1,0,0.5,1,2,1,1,90,70,"45",45,0.8,1,"Shedinja",30,30,40,"bug","ghost",1.2,3,0
"293",1,1,1,1,1,2,1,1,0,1,1,1,1,1,1,1,1,1,51,70,"190",23,0.6,64,"Whismur",51,23,28,"normal","",16.3,3,0
"294",1,1,1,1,1,2,1,1,0,1,1,1,1,1,1,1,1,1,71,70,"120",43,1,84,"Loudred",71,43,48,"normal","",40.5,3,0
"295",1,1,1,1,1,2,1,1,0,1,1,1,1,1,1,1,1,1,91,70,"45",63,1.5,104,"Exploud",91,73,68,"normal","",84,3,0
"296",0.5,0.5,1,1,2,1,1,2,1,1,1,1,1,1,2,0.5,1,1,60,70,"180",30,1,72,"Makuhita",20,30,25,"fighting","",86.4,3,0
"297",0.5,0.5,1,1,2,1,1,2,1,1,1,1,1,1,2,0.5,1,1,120,70,"200",60,2.3,144,"Hariyama",40,60,50,"fighting","",253.8,3,0
"298",0.5,0.5,0,1,1,1,1,1,0,1,1,1,1,2,1,1,2,1,20,70,"150",40,0.2,50,"Azurill",20,40,20,"normal","fairy",2,3,0
"299",1,1,1,1,1,2,0.5,0.5,1,2,2,1,0.5,0.5,1,1,2,2,45,70,"255",135,1,30,"Nosepass",45,90,30,"rock","",97,3,0
"300",1,1,1,1,1,2,1,1,0,1,1,1,1,1,1,1,1,1,45,70,"255",45,0.6,50,"Skitty",35,35,50,"normal","",11,3,0
"301",1,1,1,1,1,2,1,1,0,1,1,1,1,1,1,1,1,1,65,70,"60",65,1.1,70,"Delcatty",55,55,90,"normal","",32.6,3,0
"302",1,1,1,1,2,0,1,1,1,1,1,1,0,0.5,0,1,1,1,85,35,"45",125,0.5,50,"Sableye",85,115,20,"dark","ghost",11,3,0
"303",0.25,0.5,0,1,0.5,1,2,0.5,1,0.5,2,0.5,0.5,0,0.5,0.5,1,1,105,70,"45",125,0.6,50,"Mawile",55,95,50,"steel","fairy",11.5,3,0
"304",0.5,1,0.5,1,0.5,4,1,0.25,1,1,4,0.5,0.25,0,0.5,0.5,1,2,70,35,"180",100,0.4,50,"Aron",40,40,30,"steel","rock",60,3,0
"305",0.5,1,0.5,1,0.5,4,1,0.25,1,1,4,0.5,0.25,0,0.5,0.5,1,2,90,35,"90",140,0.9,60,"Lairon",50,50,40,"steel","rock",120,3,0
"306",0.5,1,0.5,1,0.5,4,1,0.25,1,1,4,0.5,0.25,0,0.5,0.5,1,2,140,35,"45",230,2.1,70,"Aggron",60,80,50,"steel","rock",360,3,0
"307",1,1,1,1,2,0.5,1,2,2,1,1,1,1,1,1,0.5,1,1,40,70,"180",55,0.6,30,"Meditite",40,55,60,"fighting","psychic",11.2,3,0
"308",1,1,1,1,2,0.5,1,2,2,1,1,1,1,1,1,0.5,1,1,100,70,"90",85,1.3,60,"Medicham",80,85,100,"fighting","psychic",31.5,3,0
"309",1,1,1,0.5,1,1,1,0.5,1,1,2,1,1,1,1,1,0.5,1,45,70,"120",40,0.6,40,"Electrike",65,40,65,"electric","",15.2,3,0
"310",1,1,1,0.5,1,1,1,0.5,1,1,2,1,1,1,1,1,0.5,1,75,70,"45",80,1.5,70,"Manectric",135,80,135,"electric","",40.2,3,0
"311",1,1,1,0.5,1,1,1,0.5,1,1,2,1,1,1,1,1,0.5,1,50,70,"200",40,0.4,60,"Plusle",85,75,95,"electric","",4.2,3,0
"312",1,1,1,0.5,1,1,1,0.5,1,1,2,1,1,1,1,1,0.5,1,40,70,"200",50,0.4,60,"Minun",75,85,95,"electric","",4.2,3,0
"313",1,1,1,1,1,0.5,2,2,1,0.5,0.5,1,1,1,1,2,1,1,73,70,"150",75,0.7,65,"Volbeat",47,85,85,"bug","",17.7,3,0
"314",1,1,1,1,1,0.5,2,2,1,0.5,0.5,1,1,1,1,2,1,1,47,70,"150",75,0.6,65,"Illumise",73,85,85,"bug","",17.7,3,0
"315",1,1,1,0.5,0.5,0.5,2,2,1,0.25,1,2,1,1,2,1,1,0.5,60,70,"150",45,0.3,50,"Roselia",100,80,65,"grass","poison",2,3,0
"316",0.5,1,1,1,0.5,0.5,1,1,1,0.5,2,1,1,0.5,2,1,1,1,43,70,"225",53,0.4,70,"Gulpin",43,53,40,"poison","",10.3,3,0
"317",0.5,1,1,1,0.5,0.5,1,1,1,0.5,2,1,1,0.5,2,1,1,1,73,70,"75",83,1.7,100,"Swalot",73,83,55,"poison","",80,3,0
"318",2,0.5,1,2,2,2,0.5,1,0.5,2,1,0.5,1,1,0,1,0.5,0.5,90,35,"225",20,0.8,45,"Carvanha",65,20,65,"water","dark",20.8,3,0
"319",2,0.5,1,2,2,2,0.5,1,0.5,2,1,0.5,1,1,0,1,0.5,0.5,140,35,"60",70,1.8,70,"Sharpedo",110,65,105,"water","dark",88.8,3,0
"320",1,1,1,2,1,1,0.5,1,1,2,1,0.5,1,1,1,1,0.5,0.5,70,70,"125",35,2,130,"Wailmer",70,35,60,"water","",130,3,0
"321",1,1,1,2,1,1,0.5,1,1,2,1,0.5,1,1,1,1,0.5,0.5,90,70,"60",45,14.5,170,"Wailord",90,45,60,"water","",398,3,0
"322",0.5,1,1,0,0.5,1,0.5,1,1,1,2,1,1,0.5,1,1,0.5,4,60,70,"255",40,0.7,60,"Numel",65,45,35,"fire","ground",24,3,0
"323",0.5,1,1,0,0.5,1,0.5,1,1,1,2,1,1,0.5,1,1,0.5,4,120,70,"150",100,1.9,70,"Camerupt",145,105,20,"fire","ground",220,3,0
"324",0.5,1,1,1,0.5,1,0.5,1,1,0.5,2,0.5,1,1,1,2,0.5,2,85,70,"90",140,0.5,70,"Torkoal",85,70,20,"fire","",80.4,3,0
"325",2,2,1,1,1,0.5,1,1,2,1,1,1,1,1,0.5,1,1,1,25,70,"255",35,0.7,60,"Spoink",70,80,60,"psychic","",30.6,3,0
"326",2,2,1,1,1,0.5,1,1,2,1,1,1,1,1,0.5,1,1,1,45,70,"60",65,0.9,80,"Grumpig",90,110,80,"psychic","",71.5,3,0
"327",1,1,1,1,1,2,1,1,0,1,1,1,1,1,1,1,1,1,60,70,"255",60,1.1,60,"Spinda",60,60,60,"normal","",5,3,0
"328",1,1,1,0,1,1,1,1,1,2,1,2,1,0.5,1,0.5,1,2,100,70,"255",45,0.7,45,"Trapinch",45,45,10,"ground","",15,3,0
"329",1,1,2,0,2,1,0.5,1,1,1,1,4,1,0.5,1,0.5,1,1,70,70,"120",50,1.1,50,"Vibrava",50,50,70,"ground","dragon",15.3,3,0
"330",1,1,2,0,2,1,0.5,1,1,1,1,4,1,0.5,1,0.5,1,1,100,70,"45",80,2,80,"Flygon",80,80,100,"ground","dragon",82,3,0
"331",2,1,1,0.5,1,1,2,2,1,0.5,0.5,2,1,2,1,1,1,0.5,85,35,"190",40,0.4,50,"Cacnea",85,40,35,"grass","",51.3,3,0
"332",4,0.5,1,0.5,2,2,2,2,0.5,0.5,0.5,2,1,2,0,1,1,0.5,115,35,"60",60,1.3,70,"Cacturne",115,60,55,"grass","dark",77.4,3,0
"333",0.5,1,1,2,1,1,1,1,0,0.5,0,2,1,1,1,2,1,1,40,70,"255",60,0.4,45,"Swablu",40,75,50,"normal","flying",1.2,3,0
"334",0.5,1,2,1,2,0.5,0.5,1,1,0.25,0,4,1,1,1,2,1,0.5,110,70,"45",110,1.1,75,"Altaria",110,105,80,"dragon","flying",20.6,3,0
"335",1,1,1,1,1,2,1,1,0,1,1,1,1,1,1,1,1,1,115,70,"90",60,1.3,73,"Zangoose",60,60,90,"normal","",40.3,3,0
"336",0.5,1,1,1,0.5,0.5,1,1,1,0.5,2,1,1,0.5,2,1,1,1,100,70,"90",60,2.7,73,"Seviper",100,60,65,"poison","",52.5,3,0
"337",2,2,1,1,1,1,0.5,0.5,2,2,2,1,0.5,0.5,0.5,1,2,2,55,70,"45",65,1,90,"Lunatone",95,85,70,"rock","psychic",168,3,0
"338",2,2,1,1,1,1,0.5,0.5,2,2,2,1,0.5,0.5,0.5,1,2,2,95,70,"45",85,1.2,90,"Solrock",55,65,70,"rock","psychic",154,3,0
"339",1,1,1,0,1,1,0.5,1,1,4,1,1,1,0.5,1,0.5,0.5,1,48,70,"190",43,0.4,50,"Barboach",46,41,60,"water","ground",1.9,3,0
"340",1,1,1,0,1,1,0.5,1,1,4,1,1,1,0.5,1,0.5,0.5,1,78,70,"75",73,0.9,110,"Whiscash",76,71,60,"water","ground",23.6,3,0
"341",1,1,1,2,1,1,0.5,1,1,2,1,0.5,1,1,1,1,0.5,0.5,80,70,"205",65,0.6,43,"Corphish",50,35,35,"water","",11.5,3,0
"342",2,0.5,1,2,2,2,0.5,1,0.5,2,1,0.5,1,1,0,1,0.5,0.5,120,70,"155",85,1.1,63,"Crawdaunt",90,55,55,"water","dark",32.8,3,0
"343",2,2,1,0,1,0.5,1,1,2,2,1,2,1,0.5,0.5,0.5,1,2,40,70,"255",55,0.5,40,"Baltoy",40,70,55,"ground","psychic",21.5,3,0
"344",2,2,1,0,1,0.5,1,1,2,2,1,2,1,0.5,0.5,0.5,1,2,70,70,"90",105,1.5,60,"Claydol",70,120,75,"ground","psychic",108,3,0
"345",2,1,1,0.5,1,2,1,1,1,1,1,2,0.5,1,1,1,2,1,41,70,"45",77,1,66,"Lileep",61,87,23,"rock","grass",23.8,3,0
"346",2,1,1,0.5,1,2,1,1,1,1,1,2,0.5,1,1,1,2,1,81,70,"45",97,1.5,86,"Cradily",81,107,43,"rock","grass",60.4,3,0
"347",1,1,1,1,1,1,1,1,1,1,1,1,0.5,0.5,1,2,2,2,95,70,"45",50,0.7,45,"Anorith",40,50,75,"rock","bug",12.5,3,0
"348",1,1,1,1,1,1,1,1,1,1,1,1,0.5,0.5,1,2,2,2,125,70,"45",100,1.5,75,"Armaldo",70,80,45,"rock","bug",68.2,3,0
"349",1,1,1,2,1,1,0.5,1,1,2,1,0.5,1,1,1,1,0.5,0.5,15,70,"255",20,0.6,20,"Feebas",10,55,80,"water","",7.4,3,0
"350",1,1,1,2,1,1,0.5,1,1,2,1,0.5,1,1,1,1,0.5,0.5,60,70,"60",79,6.2,95,"Milotic",100,125,81,"water","",162,3,0
"351",1,1,1,1,1,2,1,1,0,1,1,1,1,1,1,1,1,1,70,70,"45",70,0.3,70,"Castform",70,70,70,"normal","",0.8,3,0
"352",1,1,1,1,1,2,1,1,0,1,1,1,1,1,1,1,1,1,90,70,"200",70,1,60,"Kecleon",60,120,40,"normal","",22,3,0
"353",0.5,2,1,1,1,0,1,1,2,1,1,1,0,0.5,1,1,1,1,75,35,"225",35,0.6,44,"Shuppet",63,33,45,"ghost","",2.3,3,0
"354",0.5,2,1,1,1,0,1,1,2,1,1,1,0,0.5,1,1,1,1,165,35,"45",75,1.1,64,"Banette",93,83,75,"ghost","",12.5,3,0
"355",0.5,2,1,1,1,0,1,1,2,1,1,1,0,0.5,1,1,1,1,40,35,"190",90,0.8,20,"Duskull",30,90,25,"ghost","",15,3,0
"356",0.5,2,1,1,1,0,1,1,2,1,1,1,0,0.5,1,1,1,1,70,35,"90",130,1.6,40,"Dusclops",60,130,25,"ghost","",30.6,3,0
"357",1,1,1,1,1,0.5,2,2,1,0.25,0,4,1,2,1,2,1,0.5,68,70,"200",83,2,99,"Tropius",72,87,51,"grass","flying",100,3,0
"358",2,2,1,1,1,0.5,1,1,2,1,1,1,1,1,0.5,1,1,1,50,70,"45",80,0.6,75,"Chimecho",95,90,65,"psychic","",1,3,0
"359",2,0.5,1,1,2,2,1,1,0.5,1,1,1,1,1,0,1,1,1,150,35,"30",60,1.2,65,"Absol",115,60,115,"dark","",47,3,0
"360",2,2,1,1,1,0.5,1,1,2,1,1,1,1,1,0.5,1,1,1,23,70,"125",48,0.6,95,"Wynaut",23,48,23,"psychic","",14,3,0
"361",1,1,1,1,1,2,2,1,1,1,1,0.5,1,1,1,2,2,1,50,70,"190",50,0.7,50,"Snorunt",50,50,50,"ice","",16.8,3,0
"362",1,1,1,1,1,2,2,1,1,1,1,0.5,1,1,1,2,2,1,120,70,"75",80,1.5,80,"Glalie",120,80,100,"ice","",256.5,3,0
"363",1,1,1,2,1,2,1,1,1,2,1,0.25,1,1,1,2,1,0.5,40,70,"255",50,0.8,70,"Spheal",55,50,25,"ice","water",39.5,3,0
"364",1,1,1,2,1,2,1,1,1,2,1,0.25,1,1,1,2,1,0.5,60,70,"120",70,1.1,90,"Sealeo",75,70,45,"ice","water",87.6,3,0
"365",1,1,1,2,1,2,1,1,1,2,1,0.25,1,1,1,2,1,0.5,80,70,"45",90,1.4,110,"Walrein",95,90,65,"ice","water",150.6,3,0
"366",1,1,1,2,1,1,0.5,1,1,2,1,0.5,1,1,1,1,0.5,0.5,64,70,"255",85,0.4,35,"Clamperl",74,55,32,"water","",52.5,3,0
"367",1,1,1,2,1,1,0.5,1,1,2,1,0.5,1,1,1,1,0.5,0.5,104,70,"60",105,1.7,55,"Huntail",94,75,52,"water","",27,3,0
"368",1,1,1,2,1,1,0.5,1,1,2,1,0.5,1,1,1,1,0.5,0.5,84,70,"60",105,1.8,55,"Gorebyss",114,75,52,"water","",22.6,3,0
"369",1,1,1,2,1,2,0.25,0.5,1,4,2,0.5,0.5,0.5,1,1,1,1,90,70,"25",130,1,100,"Relicanth",45,65,55,"water","rock",23.4,3,0
"370",1,1,1,2,1,1,0.5,1,1,2,1,0.5,1,1,1,1,0.5,0.5,30,70,"225",55,0.6,43,"Luvdisc",40,65,97,"water","",8.7,3,0
"371",1,1,2,0.5,2,1,0.5,1,1,0.5,1,2,1,1,1,1,1,0.5,75,35,"45",60,0.6,45,"Bagon",40,30,50,"dragon","",42.1,3,0
"372",1,1,2,0.5,2,1,0.5,1,1,0.5,1,2,1,1,1,1,1,0.5,95,35,"45",100,1.1,65,"Shelgon",60,50,50,"dragon","",110.5,3,0
"373",0.5,1,2,1,2,0.5,0.5,1,1,0.25,0,4,1,1,1,2,1,0.5,145,35,"45",130,1.5,95,"Salamence",120,90,120,"dragon","flying",102.6,3,0
"374",1,2,0.5,1,0.5,1,2,0.5,2,0.5,2,0.5,0.5,0,0.25,0.5,0.5,1,55,35,"3",80,0.6,40,"Beldum",35,60,30,"steel","psychic",95.2,3,0
"375",1,2,0.5,1,0.5,1,2,0.5,2,0.5,2,0.5,0.5,0,0.25,0.5,0.5,1,75,35,"3",100,1.2,60,"Metang",55,80,50,"steel","psychic",202.5,3,0
"376",1,2,0.5,1,0.5,1,2,0.5,2,0.5,2,0.5,0.5,0,0.25,0.5,0.5,1,145,35,"3",150,1.6,80,"Metagross",105,110,110,"steel","psychic",550,3,0
"377",1,1,1,1,1,2,0.5,0.5,1,2,2,1,0.5,0.5,1,1,2,2,100,35,"3",200,1.7,80,"Regirock",50,100,50,"rock","",230,3,1
"378",1,1,1,1,1,2,2,1,1,1,1,0.5,1,1,1,2,2,1,50,35,"3",100,1.8,80,"Regice",100,200,50,"ice","",175,3,1
"379",0.5,1,0.5,1,0.5,2,2,0.5,1,0.5,2,0.5,0.5,0,0.5,0.5,0.5,1,75,35,"3",150,1.9,80,"Registeel",75,150,50,"steel","",205,3,1
"380",2,2,2,0.5,2,0.5,0.5,1,2,0.5,1,2,1,1,0.5,1,1,0.5,100,90,"3",120,1.4,80,"Latias",140,150,110,"dragon","psychic",40,3,1
"381",2,2,2,0.5,2,0.5,0.5,1,2,0.5,1,2,1,1,0.5,1,1,0.5,130,90,"3",100,2,80,"Latios",160,120,110,"dragon","psychic",60,3,1
"382",1,1,1,2,1,1,0.5,1,1,2,1,0.5,1,1,1,1,0.5,0.5,150,0,"3",90,4.5,100,"Kyogre",180,160,90,"water","",352,3,1
"383",1,1,1,0,1,1,1,1,1,2,1,2,1,0.5,1,0.5,1,2,180,0,"3",160,3.5,100,"Groudon",150,90,90,"ground","",950,3,1
"384",0.5,1,2,1,2,0.5,0.5,1,1,0.25,0,4,1,1,1,2,1,0.5,180,0,"45",100,7,105,"Rayquaza",180,100,115,"dragon","flying",206.5,3,1
"385",1,2,0.5,1,0.5,1,2,0.5,2,0.5,2,0.5,0.5,0,0.25,0.5,0.5,1,100,100,"3",100,0.3,100,"Jirachi",100,100,100,"steel","psychic",1.1,3,1
"386",2,2,1,1,1,0.5,1,1,2,1,1,1,1,1,0.5,1,1,1,95,0,"3",90,1.7,50,"Deoxys",95,90,180,"psychic","",60.8,3,1
"387",2,1,1,0.5,1,1,2,2,1,0.5,0.5,2,1,2,1,1,1,0.5,68,70,"45",64,0.4,55,"Turtwig",45,55,31,"grass","",10.2,4,0
"388",2,1,1,0.5,1,1,2,2,1,0.5,0.5,2,1,2,1,1,1,0.5,89,70,"45",85,1.1,75,"Grotle",55,65,36,"grass","",97,4,0
"389",2,1,1,0,1,1,2,2,1,1,0.5,4,1,1,1,0.5,1,1,109,70,"45",105,2.2,95,"Torterra",75,85,56,"grass","ground",310,4,0
"390",0.5,1,1,1,0.5,1,0.5,1,1,0.5,2,0.5,1,1,1,2,0.5,2,58,70,"45",44,0.5,44,"Chimchar",58,44,61,"fire","",6.2,4,0
"391",0.25,0.5,1,1,1,1,0.5,2,1,0.5,2,0.5,1,1,2,1,0.5,2,78,70,"45",52,0.9,64,"Monferno",78,52,81,"fire","fighting",22,4,0
"392",0.25,0.5,1,1,1,1,0.5,2,1,0.5,2,0.5,1,1,2,1,0.5,2,104,70,"45",71,1.2,76,"Infernape",104,71,108,"fire","fighting",55,4,0
"393",1,1,1,2,1,1,0.5,1,1,2,1,0.5,1,1,1,1,0.5,0.5,51,70,"45",53,0.4,53,"Piplup",61,56,40,"water","",5.2,4,0
"394",1,1,1,2,1,1,0.5,1,1,2,1,0.5,1,1,1,1,0.5,0.5,66,70,"45",68,0.8,64,"Prinplup",81,76,50,"water","",23,4,0
"395",0.5,1,0.5,2,0.5,2,1,0.5,1,1,2,0.25,0.5,0,0.5,0.5,0.25,0.5,86,70,"45",88,1.7,84,"Empoleon",111,101,60,"water","steel",84.5,4,0
"396",0.5,1,1,2,1,1,1,1,0,0.5,0,2,1,1,1,2,1,1,55,70,"255",30,0.3,40,"Starly",30,30,60,"normal","flying",2,4,0
"397",0.5,1,1,2,1,1,1,1,0,0.5,0,2,1,1,1,2,1,1,75,70,"120",50,0.6,55,"Staravia",40,40,80,"normal","flying",15.5,4,0
"398",0.5,1,1,2,1,1,1,1,0,0.5,0,2,1,1,1,2,1,1,120,70,"45",70,1.2,85,"Staraptor",50,60,100,"normal","flying",24.9,4,0
"399",1,1,1,1,1,2,1,1,0,1,1,1,1,1,1,1,1,1,45,70,"255",40,0.5,59,"Bidoof",35,40,31,"normal","",20,4,0
"400",1,1,1,2,1,2,0.5,1,0,2,1,0.5,1,1,1,1,0.5,0.5,85,70,"127",60,1,79,"Bibarel",55,60,71,"normal","water",31.5,4,0
"401",1,1,1,1,1,0.5,2,2,1,0.5,0.5,1,1,1,1,2,1,1,25,70,"255",41,0.3,37,"Kricketot",25,41,25,"bug","",2.2,4,0
"402",1,1,1,1,1,0.5,2,2,1,0.5,0.5,1,1,1,1,2,1,1,85,70,"45",51,1,77,"Kricketune",55,51,65,"bug","",25.5,4,0
"403",1,1,1,0.5,1,1,1,0.5,1,1,2,1,1,1,1,1,0.5,1,65,70,"235",34,0.5,45,"Shinx",40,34,45,"electric","",9.5,4,0
"404",1,1,1,0.5,1,1,1,0.5,1,1,2,1,1,1,1,1,0.5,1,85,100,"120",49,0.9,60,"Luxio",60,49,60,"electric","",30.5,4,0
"405",1,1,1,0.5,1,1,1,0.5,1,1,2,1,1,1,1,1,0.5,1,120,70,"45",79,1.4,80,"Luxray",95,79,70,"electric","",42,4,0
"406",1,1,1,0.5,0.5,0.5,2,2,1,0.25,1,2,1,1,2,1,1,0.5,30,70,"255",35,0.2,40,"Budew",50,70,55,"grass","poison",1.2,4,0
"407",1,1,1,0.5,0.5,0.5,2,2,1,0.25,1,2,1,1,2,1,1,0.5,70,70,"75",65,0.9,60,"Roserade",125,105,90,"grass","poison",14.5,4,0
"408",1,1,1,1,1,2,0.5,0.5,1,2,2,1,0.5,0.5,1,1,2,2,125,70,"45",40,0.9,67,"Cranidos",30,30,58,"rock","",31.5,4,0
"409",1,1,1,1,1,2,0.5,0.5,1,2,2,1,0.5,0.5,1,1,2,2,165,70,"45",60,1.6,97,"Rampardos",65,50,58,"rock","",102.5,4,0
"410",0.5,1,0.5,1,0.5,4,1,0.25,1,1,4,0.5,0.25,0,0.5,0.5,1,2,42,70,"45",118,0.5,30,"Shieldon",42,88,30,"rock","steel",57,4,0
"411",0.5,1,0.5,1,0.5,4,1,0.25,1,1,4,0.5,0.25,0,0.5,0.5,1,2,52,70,"45",168,1.3,60,"Bastiodon",47,138,30,"rock","steel",149.5,4,0
"412",1,1,1,1,1,0.5,2,2,1,0.5,0.5,1,1,1,1,2,1,1,29,70,"120",45,0.2,40,"Burmy",29,45,36,"bug","",3.4,4,0
"413",2,1,1,0.5,1,0.5,4,4,1,0.25,0.25,2,1,2,1,2,1,0.5,69,70,"45",95,0.5,60,"Wormadam",69,95,36,"bug","grass",6.5,4,0
"414",0.5,1,1,2,1,0.25,2,2,1,0.25,0,2,1,1,1,4,1,1,94,70,"45",50,0.9,70,"Mothim",94,50,66,"bug","flying",23.3,4,0
"415",0.5,1,1,2,1,0.25,2,2,1,0.25,0,2,1,1,1,4,1,1,30,70,"120",42,0.3,30,"Combee",30,42,70,"bug","flying",5.5,4,0
"416",0.5,1,1,2,1,0.25,2,2,1,0.25,0,2,1,1,1,4,1,1,80,70,"45",102,1.2,70,"Vespiquen",80,102,40,"bug","flying",38.5,4,0
"417",1,1,1,0.5,1,1,1,0.5,1,1,2,1,1,1,1,1,0.5,1,45,100,"200",70,0.4,60,"Pachirisu",45,90,95,"electric","",3.9,4,0
"418",1,1,1,2,1,1,0.5,1,1,2,1,0.5,1,1,1,1,0.5,0.5,65,70,"190",35,0.7,55,"Buizel",60,30,85,"water","",29.5,4,0
"419",1,1,1,2,1,1,0.5,1,1,2,1,0.5,1,1,1,1,0.5,0.5,105,70,"75",55,1.1,85,"Floatzel",85,50,115,"water","",33.5,4,0
"420",2,1,1,0.5,1,1,2,2,1,0.5,0.5,2,1,2,1,1,1,0.5,35,70,"190",45,0.4,45,"Cherubi",62,53,35,"grass","",3.3,4,0
"421",2,1,1,0.5,1,1,2,2,1,0.5,0.5,2,1,2,1,1,1,0.5,60,70,"75",70,0.5,70,"Cherrim",87,78,85,"grass","",9.3,4,0
"422",1,1,1,2,1,1,0.5,1,1,2,1,0.5,1,1,1,1,0.5,0.5,48,70,"190",48,0.3,76,"Shellos",57,62,34,"water","",6.3,4,0
"423",1,1,1,0,1,1,0.5,1,1,4,1,1,1,0.5,1,0.5,0.5,1,83,70,"75",68,0.9,111,"Gastrodon",92,82,39,"water","ground",29.9,4,0
"424",1,1,1,1,1,2,1,1,0,1,1,1,1,1,1,1,1,1,100,100,"45",66,1.2,75,"Ambipom",60,66,115,"normal","",20.3,4,0
"425",0.25,2,1,2,1,0,1,1,2,0.5,0,2,0,0.5,1,2,1,1,50,70,"125",34,0.4,90,"Drifloon",60,44,70,"ghost","flying",1.2,4,0
"426",0.25,2,1,2,1,0,1,1,2,0.5,0,2,0,0.5,1,2,1,1,80,70,"60",44,1.2,150,"Drifblim",90,54,80,"ghost","flying",15,4,0
"427",1,1,1,1,1,2,1,1,0,1,1,1,1,1,1,1,1,1,66,0,"190",44,0.4,55,"Buneary",44,56,85,"normal","",5.5,4,0
"428",1,1,1,1,1,2,1,1,0,1,1,1,1,1,1,1,1,1,136,140,"60",94,1.2,65,"Lopunny",54,96,135,"normal","",33.3,4,0
"429",0.5,2,1,1,1,0,1,1,2,1,1,1,0,0.5,1,1,1,1,60,35,"45",60,0.9,60,"Mismagius",105,105,105,"ghost","",4.4,4,0
"430",1,0.5,1,2,2,1,1,1,0.5,0.5,0,2,1,1,0,2,1,1,125,35,"30",52,0.9,100,"Honchkrow",105,52,71,"dark","flying",27.3,4,0
"431",1,1,1,1,1,2,1,1,0,1,1,1,1,1,1,1,1,1,55,70,"190",42,0.5,49,"Glameow",42,37,85,"normal","",3.9,4,0
"432",1,1,1,1,1,2,1,1,0,1,1,1,1,1,1,1,1,1,82,70,"75",64,1,71,"Purugly",64,59,112,"normal","",43.8,4,0
"433",2,2,1,1,1,0.5,1,1,2,1,1,1,1,1,0.5,1,1,1,30,70,"120",50,0.2,45,"Chingling",65,50,45,"psychic","",0.6,4,0
"434",1,0.5,1,1,1,1,1,1,0.5,0.5,2,1,1,0.5,0,1,1,1,63,70,"225",47,0.4,63,"Stunky",41,41,74,"poison","dark",19.2,4,0
"435",1,0.5,1,1,1,1,1,1,0.5,0.5,2,1,1,0.5,0,1,1,1,93,70,"60",67,1,103,"Skuntank",71,61,84,"poison","dark",38,4,0
"436",1,2,0.5,1,0.5,1,2,0.5,2,0.5,2,0.5,0.5,0,0.25,0.5,0.5,1,24,70,"255",86,0.5,57,"Bronzor",24,86,23,"steel","psychic",60.5,4,0
"437",1,2,0.5,1,0.5,1,2,0.5,2,0.5,2,0.5,0.5,0,0.25,0.5,0.5,1,89,70,"90",116,1.3,67,"Bronzong",79,116,33,"steel","psychic",187,4,0
"438",1,1,1,1,1,2,0.5,0.5,1,2,2,1,0.5,0.5,1,1,2,2,80,70,"255",95,0.5,50,"Bonsly",10,45,10,"rock","",15,4,0
"439",1,1,0,1,1,0.25,1,1,2,1,1,1,1,2,0.5,1,2,1,25,70,"145",45,0.6,20,"Mime Jr.",70,90,60,"psychic","fairy",13,4,0
"440",1,1,1,1,1,2,1,1,0,1,1,1,1,1,1,1,1,1,5,140,"130",5,0.6,100,"Happiny",15,65,30,"normal","",24.4,4,0
"441",0.5,1,1,2,1,1,1,1,0,0.5,0,2,1,1,1,2,1,1,65,35,"30",45,0.5,76,"Chatot",92,42,91,"normal","flying",1.9,4,0
"442",1,1,1,1,2,0,1,1,1,1,1,1,0,0.5,0,1,1,1,92,70,"100",108,1,50,"Spiritomb",92,108,35,"ghost","dark",108,4,0
"443",1,1,2,0,2,1,0.5,1,1,1,1,4,1,0.5,1,0.5,1,1,70,70,"45",45,0.7,58,"Gible",40,45,42,"dragon","ground",20.5,4,0
"444",1,1,2,0,2,1,0.5,1,1,1,1,4,1,0.5,1,0.5,1,1,90,70,"45",65,1.4,68,"Gabite",50,55,82,"dragon","ground",56,4,0
"445",1,1,2,0,2,1,0.5,1,1,1,1,4,1,0.5,1,0.5,1,1,170,70,"45",115,1.9,108,"Garchomp",120,95,92,"dragon","ground",95,4,0
"446",1,1,1,1,1,2,1,1,0,1,1,1,1,1,1,1,1,1,85,70,"50",40,0.6,135,"Munchlax",40,85,5,"normal","",105,4,0
"447",0.5,0.5,1,1,2,1,1,2,1,1,1,1,1,1,2,0.5,1,1,70,70,"75",40,0.7,40,"Riolu",35,40,60,"fighting","",20.2,4,0
"448",0.25,0.5,0.5,1,1,2,2,1,1,0.5,2,0.5,0.5,0,1,0.25,0.5,1,145,70,"45",88,1.2,70,"Lucario",140,70,112,"fighting","steel",54,4,0
"449",1,1,1,0,1,1,1,1,1,2,1,2,1,0.5,1,0.5,1,2,72,70,"140",78,0.8,68,"Hippopotas",38,42,32,"ground","",49.5,4,0
"450",1,1,1,0,1,1,1,1,1,2,1,2,1,0.5,1,0.5,1,2,112,70,"60",118,2,108,"Hippowdon",68,72,47,"ground","",300,4,0
"451",0.5,1,1,1,0.5,0.25,2,2,1,0.25,1,1,1,0.5,2,2,1,1,50,70,"120",90,0.8,40,"Skorupi",30,55,65,"poison","bug",12,4,0
"452",1,0.5,1,1,1,1,1,1,0.5,0.5,2,1,1,0.5,0,1,1,1,90,70,"45",110,1.3,70,"Drapion",60,75,95,"poison","dark",61.5,4,0
"453",0.25,0.5,1,1,1,0.5,1,2,1,0.5,2,1,1,0.5,4,0.5,1,1,61,100,"140",40,0.7,48,"Croagunk",61,40,50,"poison","fighting",23,4,0
"454",0.25,0.5,1,1,1,0.5,1,2,1,0.5,2,1,1,0.5,4,0.5,1,1,106,70,"75",65,1.3,83,"Toxicroak",86,65,85,"poison","fighting",44.4,4,0
"455",2,1,1,0.5,1,1,2,2,1,0.5,0.5,2,1,2,1,1,1,0.5,100,70,"200",72,1.4,74,"Carnivine",90,72,46,"grass","",27,4,0
"456",1,1,1,2,1,1,0.5,1,1,2,1,0.5,1,1,1,1,0.5,0.5,49,70,"190",56,0.4,49,"Finneon",49,61,66,"water","",7,4,0
"457",1,1,1,2,1,1,0.5,1,1,2,1,0.5,1,1,1,1,0.5,0.5,69,70,"75",76,1.2,69,"Lumineon",69,86,91,"water","",24,4,0
"458",0.5,1,1,4,1,0.5,0.5,1,1,1,0,1,1,1,1,2,0.5,0.5,20,70,"25",50,1,45,"Mantyke",60,120,50,"water","flying",65,4,0
"459",2,1,1,0.5,1,2,4,2,1,0.5,0.5,1,1,2,1,2,2,0.5,62,70,"120",50,1,60,"Snover",62,60,40,"grass","ice",50.5,4,0
"460",2,1,1,0.5,1,2,4,2,1,0.5,0.5,1,1,2,1,2,2,0.5,132,70,"60",105,2.2,90,"Abomasnow",132,105,30,"grass","ice",135.5,4,0
"461",2,0.5,1,1,2,4,2,1,0.5,1,1,0.5,1,1,0,2,2,1,120,35,"45",65,1.1,70,"Weavile",45,85,125,"dark","ice",34,4,0
"462",0.5,1,0.5,0.5,0.5,2,2,0.25,1,0.5,4,0.5,0.5,0,0.5,0.5,0.25,1,70,70,"30",115,1.2,70,"Magnezone",130,90,60,"electric","steel",180,4,0
"463",1,1,1,1,1,2,1,1,0,1,1,1,1,1,1,1,1,1,85,70,"30",95,1.7,110,"Lickilicky",80,95,50,"normal","",140,4,0
"464",1,1,1,0,1,2,0.5,0.5,1,4,2,2,0.5,0.25,1,0.5,2,4,140,70,"30",130,2.4,115,"Rhyperior",55,55,40,"ground","rock",282.8,4,0
"465",2,1,1,0.5,1,1,2,2,1,0.5,0.5,2,1,2,1,1,1,0.5,100,70,"30",125,2,100,"Tangrowth",110,50,50,"grass","",128.6,4,0
"466",1,1,1,0.5,1,1,1,0.5,1,1,2,1,1,1,1,1,0.5,1,123,70,"30",67,1.8,75,"Electivire",95,85,95,"electric","",138.6,4,0
"467",0.5,1,1,1,0.5,1,0.5,1,1,0.5,2,0.5,1,1,1,2,0.5,2,95,70,"30",67,1.6,75,"Magmortar",125,95,83,"fire","",68,4,0
"468",0.25,0.5,0,2,1,0.25,1,1,1,0.5,0,2,1,2,1,2,2,1,50,70,"30",95,1.5,85,"Togekiss",120,115,80,"fairy","flying",38,4,0
"469",0.5,1,1,2,1,0.25,2,2,1,0.25,0,2,1,1,1,4,1,1,76,70,"30",86,1.9,86,"Yanmega",116,56,95,"bug","flying",51.5,4,0
"470",2,1,1,0.5,1,1,2,2,1,0.5,0.5,2,1,2,1,1,1,0.5,110,35,"45",130,1,65,"Leafeon",60,65,95,"grass","",25.5,4,0
"471",1,1,1,1,1,2,2,1,1,1,1,0.5,1,1,1,2,2,1,60,35,"45",110,0.8,65,"Glaceon",130,95,65,"ice","",25.9,4,0
"472",0.5,1,1,0,1,0.5,1,1,1,1,0,4,1,0.5,1,1,1,2,95,70,"30",125,2,75,"Gliscor",45,75,95,"ground","flying",42.5,4,0
"473",1,1,1,0,1,2,2,1,1,2,1,1,1,0.5,1,1,2,2,130,70,"50",80,2.5,110,"Mamoswine",70,60,80,"ice","ground",291,4,0
"474",1,1,1,1,1,2,1,1,0,1,1,1,1,1,1,1,1,1,80,70,"30",70,0.9,85,"Porygon-Z",135,75,90,"normal","",34,4,0
"475",1,1,1,1,2,0.5,1,2,2,1,1,1,1,1,1,0.5,1,1,165,35,"45",95,1.6,68,"Gallade",65,115,110,"psychic","fighting",52,4,0
"476",0.5,1,0.5,1,0.5,4,1,0.25,1,1,4,0.5,0.25,0,0.5,0.5,1,2,55,70,"60",145,1.4,60,"Probopass",75,150,40,"rock","steel",340,4,0
"477",0.5,2,1,1,1,0,1,1,2,1,1,1,0,0.5,1,1,1,1,100,35,"45",135,2.2,45,"Dusknoir",65,135,45,"ghost","",106.6,4,0
"478",0.5,2,1,1,1,0,2,1,2,1,1,0.5,0,0.5,1,2,2,1,80,70,"75",70,1.3,70,"Froslass",80,70,110,"ice","ghost",26.6,4,0
"479",0.5,2,1,0.5,1,0,1,0.5,2,1,2,1,0,0.5,1,1,0.5,1,65,70,"45",107,0.3,50,"Rotom",105,107,86,"electric","ghost",0.3,4,0
"480",2,2,1,1,1,0.5,1,1,2,1,1,1,1,1,0.5,1,1,1,75,140,"3",130,0.3,75,"Uxie",75,130,95,"psychic","",0.3,4,1
"481",2,2,1,1,1,0.5,1,1,2,1,1,1,1,1,0.5,1,1,1,105,140,"3",105,0.3,80,"Mesprit",105,105,80,"psychic","",0.3,4,1
"482",2,2,1,1,1,0.5,1,1,2,1,1,1,1,1,0.5,1,1,1,125,140,"3",70,0.3,75,"Azelf",125,70,115,"psychic","",0.3,4,1
"483",0.5,1,1,0.5,1,2,1,0.5,1,0.25,2,1,0.5,0,0.5,0.5,0.5,0.5,120,0,"3",120,5.4,100,"Dialga",150,100,90,"steel","dragon",683,4,1
"484",1,1,2,1,2,1,0.25,1,1,1,1,1,1,1,1,1,0.5,0.25,120,0,"3",100,4.2,90,"Palkia",150,120,100,"water","dragon",336,4,1
"485",0.25,1,0.5,1,0.25,2,1,0.5,1,0.25,4,0.25,0.5,0,0.5,1,0.25,2,90,100,"3",106,1.7,91,"Heatran",130,106,77,"fire","steel",430,4,1
"486",1,1,1,1,1,2,1,1,0,1,1,1,1,1,1,1,1,1,160,0,"3",110,3.7,110,"Regigigas",80,110,100,"normal","",420,4,1
"487",0.5,2,2,0.5,2,0,0.5,1,2,0.5,1,2,0,0.5,1,1,1,0.5,120,0,"3",100,4.5,150,"Giratina",120,100,90,"ghost","dragon",750,4,1
"488",2,2,1,1,1,0.5,1,1,2,1,1,1,1,1,0.5,1,1,1,70,100,"3",120,1.5,120,"Cresselia",75,130,85,"psychic","",85.6,4,1
"489",1,1,1,2,1,1,0.5,1,1,2,1,0.5,1,1,1,1,0.5,0.5,80,70,"30",80,0.4,80,"Phione",80,80,80,"water","",3.1,4,0
"490",1,1,1,2,1,1,0.5,1,1,2,1,0.5,1,1,1,1,0.5,0.5,100,70,"3",100,0.3,100,"Manaphy",100,100,100,"water","",1.4,4,1
"491",2,0.5,1,1,2,2,1,1,0.5,1,1,1,1,1,0,1,1,1,90,0,"3",90,1.5,70,"Darkrai",135,90,125,"dark","",50.5,4,1
"492",2,1,1,0.5,1,1,2,2,1,0.5,0.5,2,1,2,1,1,1,0.5,103,100,"45",75,0.2,100,"Shaymin",120,75,127,"grass","grass",2.1,4,1
"493",1,1,1,1,1,2,1,1,0,1,1,1,1,1,1,1,1,1,120,0,"3",120,3.2,120,"Arceus",120,120,120,"normal","",320,4,1
"494",1,2,1,1,0.5,0.5,0.5,1,2,0.5,2,0.5,1,1,0.5,2,0.5,2,100,100,"3",100,0.4,100,"Victini",100,100,100,"psychic","fire",4,5,1
"495",2,1,1,0.5,1,1,2,2,1,0.5,0.5,2,1,2,1,1,1,0.5,45,70,"45",55,0.6,45,"Snivy",45,55,63,"grass","",8.1,5,0
"496",2,1,1,0.5,1,1,2,2,1,0.5,0.5,2,1,2,1,1,1,0.5,60,70,"45",75,0.8,60,"Servine",60,75,83,"grass","",16,5,0
"497",2,1,1,0.5,1,1,2,2,1,0.5,0.5,2,1,2,1,1,1,0.5,75,70,"45",95,3.3,75,"Serperior",75,95,113,"grass","",63,5,0
"498",0.5,1,1,1,0.5,1,0.5,1,1,0.5,2,0.5,1,1,1,2,0.5,2,63,70,"45",45,0.5,65,"Tepig",45,45,45,"fire","",9.9,5,0
"499",0.25,0.5,1,1,1,1,0.5,2,1,0.5,2,0.5,1,1,2,1,0.5,2,93,70,"45",55,1,90,"Pignite",70,55,55,"fire","fighting",55.5,5,0
"500",0.25,0.5,1,1,1,1,0.5,2,1,0.5,2,0.5,1,1,2,1,0.5,2,123,70,"45",65,1.6,110,"Emboar",100,65,65,"fire","fighting",150,5,0
"501",1,1,1,2,1,1,0.5,1,1,2,1,0.5,1,1,1,1,0.5,0.5,55,70,"45",45,0.5,55,"Oshawott",63,45,45,"water","",5.9,5,0
"502",1,1,1,2,1,1,0.5,1,1,2,1,0.5,1,1,1,1,0.5,0.5,75,70,"45",60,0.8,75,"Dewott",83,60,60,"water","",24.5,5,0
"503",1,1,1,2,1,1,0.5,1,1,2,1,0.5,1,1,1,1,0.5,0.5,100,70,"45",85,1.5,95,"Samurott",108,70,70,"water","",94.6,5,0
"504",1,1,1,1,1,2,1,1,0,1,1,1,1,1,1,1,1,1,55,70,"255",39,0.5,45,"Patrat",35,39,42,"normal","",11.6,5,0
"505",1,1,1,1,1,2,1,1,0,1,1,1,1,1,1,1,1,1,85,70,"255",69,1.1,60,"Watchog",60,69,77,"normal","",27,5,0
"506",1,1,1,1,1,2,1,1,0,1,1,1,1,1,1,1,1,1,60,70,"255",45,0.4,45,"Lillipup",25,45,55,"normal","",4.1,5,0
"507",1,1,1,1,1,2,1,1,0,1,1,1,1,1,1,1,1,1,80,70,"120",65,0.9,65,"Herdier",35,65,60,"normal","",14.7,5,0
"508",1,1,1,1,1,2,1,1,0,1,1,1,1,1,1,1,1,1,110,70,"45",90,1.2,85,"Stoutland",45,90,80,"normal","",61,5,0
"509",2,0.5,1,1,2,2,1,1,0.5,1,1,1,1,1,0,1,1,1,50,70,"255",37,0.4,41,"Purrloin",50,37,66,"dark","",10.1,5,0
"510",2,0.5,1,1,2,2,1,1,0.5,1,1,1,1,1,0,1,1,1,88,70,"90",50,1.1,64,"Liepard",88,50,106,"dark","",37.5,5,0
"511",2,1,1,0.5,1,1,2,2,1,0.5,0.5,2,1,2,1,1,1,0.5,53,70,"190",48,0.6,50,"Pansage",53,48,64,"grass","",10.5,5,0
"512",2,1,1,0.5,1,1,2,2,1,0.5,0.5,2,1,2,1,1,1,0.5,98,70,"75",63,1.1,75,"Simisage",98,63,101,"grass","",30.5,5,0
"513",0.5,1,1,1,0.5,1,0.5,1,1,0.5,2,0.5,1,1,1,2,0.5,2,53,70,"190",48,0.6,50,"Pansear",53,48,64,"fire","",11,5,0
"514",0.5,1,1,1,0.5,1,0.5,1,1,0.5,2,0.5,1,1,1,2,0.5,2,98,70,"75",63,1,75,"Simisear",98,63,101,"fire","",28,5,0
"515",1,1,1,2,1,1,0.5,1,1,2,1,0.5,1,1,1,1,0.5,0.5,53,70,"190",48,0.6,50,"Panpour",53,48,64,"water","",13.5,5,0
"516",1,1,1,2,1,1,0.5,1,1,2,1,0.5,1,1,1,1,0.5,0.5,98,70,"75",63,1,75,"Simipour",98,63,101,"water","",29,5,0
"517",2,2,1,1,1,0.5,1,1,2,1,1,1,1,1,0.5,1,1,1,25,70,"190",45,0.6,76,"Munna",67,55,24,"psychic","",23.3,5,0
"518",2,2,1,1,1,0.5,1,1,2,1,1,1,1,1,0.5,1,1,1,55,70,"75",85,1.1,116,"Musharna",107,95,29,"psychic","",60.5,5,0
"519",0.5,1,1,2,1,1,1,1,0,0.5,0,2,1,1,1,2,1,1,55,70,"255",50,0.3,50,"Pidove",36,30,43,"normal","flying",2.1,5,0
"520",0.5,1,1,2,1,1,1,1,0,0.5,0,2,1,1,1,2,1,1,77,70,"120",62,0.6,62,"Tranquill",50,42,65,"normal","flying",15,5,0
"521",0.5,1,1,2,1,1,1,1,0,0.5,0,2,1,1,1,2,1,1,115,70,"45",80,1.2,80,"Unfezant",65,55,93,"normal","flying",29,5,0
"522",1,1,1,0.5,1,1,1,0.5,1,1,2,1,1,1,1,1,0.5,1,60,70,"190",32,0.8,45,"Blitzle",50,32,76,"electric","",29.8,5,0
"523",1,1,1,0.5,1,1,1,0.5,1,1,2,1,1,1,1,1,0.5,1,100,70,"75",63,1.6,75,"Zebstrika",80,63,116,"electric","",79.5,5,0
"524",1,1,1,1,1,2,0.5,0.5,1,2,2,1,0.5,0.5,1,1,2,2,75,70,"255",85,0.4,55,"Roggenrola",25,25,15,"rock","",18,5,0
"525",1,1,1,1,1,2,0.5,0.5,1,2,2,1,0.5,0.5,1,1,2,2,105,70,"120",105,0.9,70,"Boldore",50,40,20,"rock","",102,5,0
"526",1,1,1,1,1,2,0.5,0.5,1,2,2,1,0.5,0.5,1,1,2,2,135,70,"45",130,1.7,85,"Gigalith",60,80,25,"rock","",260,5,0
"527",1,2,1,2,1,0.25,1,1,2,0.5,0,2,1,1,0.5,2,1,1,45,70,"190",43,0.4,65,"Woobat",55,43,72,"psychic","flying",2.1,5,0
"528",1,2,1,2,1,0.25,1,1,2,0.5,0,2,1,1,0.5,2,1,1,57,70,"45",55,0.9,67,"Swoobat",77,55,114,"psychic","flying",10.5,5,0
"529",1,1,1,0,1,1,1,1,1,2,1,2,1,0.5,1,0.5,1,2,85,70,"120",40,0.3,60,"Drilbur",30,45,68,"ground","",8.5,5,0
"530",0.5,1,0.5,0,0.5,2,2,0.5,1,1,2,1,0.5,0,0.5,0.25,0.5,2,135,70,"60",60,0.7,110,"Excadrill",50,65,88,"ground","steel",40.4,5,0
"531",1,1,1,1,1,2,1,1,0,1,1,1,1,1,1,1,1,1,60,70,"255",126,1.1,103,"Audino",80,126,50,"normal","",31,5,0
"532",0.5,0.5,1,1,2,1,1,2,1,1,1,1,1,1,2,0.5,1,1,80,70,"180",55,0.6,75,"Timburr",25,35,35,"fighting","",12.5,5,0
"533",0.5,0.5,1,1,2,1,1,2,1,1,1,1,1,1,2,0.5,1,1,105,70,"90",85,1.2,85,"Gurdurr",40,50,40,"fighting","",40,5,0
"534",0.5,0.5,1,1,2,1,1,2,1,1,1,1,1,1,2,0.5,1,1,140,70,"45",95,1.4,105,"Conkeldurr",55,65,45,"fighting","",87,5,0
"535",1,1,1,2,1,1,0.5,1,1,2,1,0.5,1,1,1,1,0.5,0.5,50,70,"255",40,0.5,50,"Tympole",50,40,64,"water","",4.5,5,0
"536",1,1,1,0,1,1,0.5,1,1,4,1,1,1,0.5,1,0.5,0.5,1,65,70,"120",55,0.8,75,"Palpitoad",65,55,69,"water","ground",17,5,0
"537",1,1,1,0,1,1,0.5,1,1,4,1,1,1,0.5,1,0.5,0.5,1,95,70,"45",75,1.5,105,"Seismitoad",85,75,74,"water","ground",62,5,0
"538",0.5,0.5,1,1,2,1,1,2,1,1,1,1,1,1,2,0.5,1,1,100,70,"45",85,1.3,120,"Throh",30,85,45,"fighting","",55.5,5,0
"539",0.5,0.5,1,1,2,1,1,2,1,1,1,1,1,1,2,0.5,1,1,125,70,"45",75,1.4,75,"Sawk",30,75,85,"fighting","",51,5,0
"540",2,1,1,0.5,1,0.5,4,4,1,0.25,0.25,2,1,2,1,2,1,0.5,53,70,"255",70,0.3,45,"Sewaddle",40,60,42,"bug","grass",2.5,5,0
"541",2,1,1,0.5,1,0.5,4,4,1,0.25,0.25,2,1,2,1,2,1,0.5,63,70,"120",90,0.5,55,"Swadloon",50,80,42,"bug","grass",7.3,5,0
"542",2,1,1,0.5,1,0.5,4,4,1,0.25,0.25,2,1,2,1,2,1,0.5,103,70,"45",80,1.2,75,"Leavanny",70,80,92,"bug","grass",20.5,5,0
"543",0.5,1,1,1,0.5,0.25,2,2,1,0.25,1,1,1,0.5,2,2,1,1,45,70,"255",59,0.4,30,"Venipede",30,39,57,"bug","poison",5.3,5,0
"544",0.5,1,1,1,0.5,0.25,2,2,1,0.25,1,1,1,0.5,2,2,1,1,55,70,"120",99,1.2,40,"Whirlipede",40,79,47,"bug","poison",58.5,5,0
"545",0.5,1,1,1,0.5,0.25,2,2,1,0.25,1,1,1,0.5,2,2,1,1,100,70,"45",89,2.5,60,"Scolipede",55,69,112,"bug","poison",200.5,5,0
"546",1,0.5,0,0.5,1,0.5,2,2,1,0.5,0.5,2,1,4,1,1,2,0.5,27,70,"190",60,0.3,40,"Cottonee",37,50,66,"grass","fairy",0.6,5,0
"547",1,0.5,0,0.5,1,0.5,2,2,1,0.5,0.5,2,1,4,1,1,2,0.5,67,70,"75",85,0.7,60,"Whimsicott",77,75,116,"grass","fairy",6.6,5,0
"548",2,1,1,0.5,1,1,2,2,1,0.5,0.5,2,1,2,1,1,1,0.5,35,70,"190",50,0.5,45,"Petilil",70,50,30,"grass","",6.6,5,0
"549",2,1,1,0.5,1,1,2,2,1,0.5,0.5,2,1,2,1,1,1,0.5,60,70,"75",75,1.1,70,"Lilligant",110,75,90,"grass","",16.3,5,0
"550",1,1,1,2,1,1,0.5,1,1,2,1,0.5,1,1,1,1,0.5,0.5,92,70,"25",65,1,70,"Basculin",80,55,98,"water","",18,5,0
"551",2,0.5,1,0,2,2,1,1,0.5,2,1,2,1,0.5,0,0.5,1,2,72,70,"180",35,0.7,50,"Sandile",35,35,65,"ground","dark",15.2,5,0
"552",2,0.5,1,0,2,2,1,1,0.5,2,1,2,1,0.5,0,0.5,1,2,82,70,"90",45,1,60,"Krokorok",45,45,74,"ground","dark",33.4,5,0
"553",2,0.5,1,0,2,2,1,1,0.5,2,1,2,1,0.5,0,0.5,1,2,117,70,"45",80,1.5,95,"Krookodile",65,70,92,"ground","dark",96.3,5,0
"554",0.5,1,1,1,0.5,1,0.5,1,1,0.5,2,0.5,1,1,1,2,0.5,2,90,70,"120",45,0.6,70,"Darumaka",15,45,50,"fire","",37.5,5,0
"555",0.5,1,1,1,0.5,1,0.5,1,1,0.5,2,0.5,1,1,1,2,0.5,2,30,70,"60",105,1.3,105,"Darmanitan",140,105,55,"fire","fire",92.9,5,0
"556",2,1,1,0.5,1,1,2,2,1,0.5,0.5,2,1,2,1,1,1,0.5,86,70,"255",67,1,75,"Maractus",106,67,60,"grass","",28,5,0
"557",1,1,1,1,1,1,1,1,1,1,1,1,0.5,0.5,1,2,2,2,65,70,"190",85,0.3,50,"Dwebble",35,35,55,"bug","rock",14.5,5,0
"558",1,1,1,1,1,1,1,1,1,1,1,1,0.5,0.5,1,2,2,2,105,70,"75",125,1.4,70,"Crustle",65,75,45,"bug","rock",200,5,0
"559",1,0.25,1,1,4,2,1,2,0.5,1,1,1,1,1,0,0.5,1,1,75,35,"180",70,0.6,50,"Scraggy",35,70,48,"dark","fighting",11.8,5,0
"560",1,0.25,1,1,4,2,1,2,0.5,1,1,1,1,1,0,0.5,1,1,90,70,"90",115,1.1,65,"Scrafty",45,115,58,"dark","fighting",30,5,0
"561",1,2,1,2,1,0.25,1,1,2,0.5,0,2,1,1,0.5,2,1,1,58,70,"45",80,1.4,72,"Sigilyph",103,80,97,"psychic","flying",14,5,0
"562",0.5,2,1,1,1,0,1,1,2,1,1,1,0,0.5,1,1,1,1,30,70,"190",85,0.5,38,"Yamask",55,65,30,"ghost","",1.5,5,0
"563",0.5,2,1,1,1,0,1,1,2,1,1,1,0,0.5,1,1,1,1,50,70,"90",145,1.7,58,"Cofagrigus",95,105,30,"ghost","",76.5,5,0
"564",1,1,1,2,1,2,0.25,0.5,1,4,2,0.5,0.5,0.5,1,1,1,1,78,70,"45",103,0.7,54,"Tirtouga",53,45,22,"water","rock",16.5,5,0
"565",1,1,1,2,1,2,0.25,0.5,1,4,2,0.5,0.5,0.5,1,1,1,1,108,70,"45",133,1.2,74,"Carracosta",83,65,32,"water","rock",81,5,0
"566",0.5,1,1,2,1,1,0.5,0.5,1,1,0,2,0.5,0.5,1,2,2,2,112,70,"45",45,0.5,55,"Archen",74,45,70,"rock","flying",9.5,5,0
"567",0.5,1,1,2,1,1,0.5,0.5,1,1,0,2,0.5,0.5,1,2,2,2,140,70,"45",65,1.4,75,"Archeops",112,65,110,"rock","flying",32,5,0
"568",0.5,1,1,1,0.5,0.5,1,1,1,0.5,2,1,1,0.5,2,1,1,1,50,70,"190",62,0.6,50,"Trubbish",40,62,65,"poison","",31,5,0
"569",0.5,1,1,1,0.5,0.5,1,1,1,0.5,2,1,1,0.5,2,1,1,1,95,70,"60",82,1.9,80,"Garbodor",60,82,75,"poison","",107.3,5,0
"570",2,0.5,1,1,2,2,1,1,0.5,1,1,1,1,1,0,1,1,1,65,70,"75",40,0.7,40,"Zorua",80,40,65,"dark","",12.5,5,0
"571",2,0.5,1,1,2,2,1,1,0.5,1,1,1,1,1,0,1,1,1,105,70,"45",60,1.6,60,"Zoroark",120,60,105,"dark","",81.1,5,0
"572",1,1,1,1,1,2,1,1,0,1,1,1,1,1,1,1,1,1,50,70,"255",40,0.4,55,"Minccino",40,40,75,"normal","",5.8,5,0
"573",1,1,1,1,1,2,1,1,0,1,1,1,1,1,1,1,1,1,95,70,"60",60,0.5,75,"Cinccino",65,60,115,"normal","",7.5,5,0
"574",2,2,1,1,1,0.5,1,1,2,1,1,1,1,1,0.5,1,1,1,30,70,"200",50,0.4,45,"Gothita",55,65,45,"psychic","",5.8,5,0
"575",2,2,1,1,1,0.5,1,1,2,1,1,1,1,1,0.5,1,1,1,45,70,"100",70,0.7,60,"Gothorita",75,85,55,"psychic","",18,5,0
"576",2,2,1,1,1,0.5,1,1,2,1,1,1,1,1,0.5,1,1,1,55,70,"50",95,1.5,70,"Gothitelle",95,110,65,"psychic","",44,5,0
"577",2,2,1,1,1,0.5,1,1,2,1,1,1,1,1,0.5,1,1,1,30,70,"200",40,0.3,45,"Solosis",105,50,20,"psychic","",1,5,0
"578",2,2,1,1,1,0.5,1,1,2,1,1,1,1,1,0.5,1,1,1,40,70,"100",50,0.6,65,"Duosion",125,60,30,"psychic","",8,5,0
"579",2,2,1,1,1,0.5,1,1,2,1,1,1,1,1,0.5,1,1,1,65,70,"50",75,1,110,"Reuniclus",125,85,30,"psychic","",20.1,5,0
"580",0.5,1,1,4,1,0.5,0.5,1,1,1,0,1,1,1,1,2,0.5,0.5,44,70,"190",50,0.5,62,"Ducklett",44,50,55,"water","flying",5.5,5,0
"581",0.5,1,1,4,1,0.5,0.5,1,1,1,0,1,1,1,1,2,0.5,0.5,87,70,"45",63,1.3,75,"Swanna",87,63,98,"water","flying",24.2,5,0
"582",1,1,1,1,1,2,2,1,1,1,1,0.5,1,1,1,2,2,1,50,70,"255",50,0.4,36,"Vanillite",65,60,44,"ice","",5.7,5,0
"583",1,1,1,1,1,2,2,1,1,1,1,0.5,1,1,1,2,2,1,65,70,"120",65,1.1,51,"Vanillish",80,75,59,"ice","",41,5,0
"584",1,1,1,1,1,2,2,1,1,1,1,0.5,1,1,1,2,2,1,95,70,"45",85,1.3,71,"Vanilluxe",110,95,79,"ice","",57.5,5,0
"585",2,1,1,0.5,1,2,2,2,0,0.5,0.5,2,1,2,1,1,1,0.5,60,70,"190",50,0.6,60,"Deerling",40,50,75,"normal","grass",19.5,5,0
"586",2,1,1,0.5,1,2,2,2,0,0.5,0.5,2,1,2,1,1,1,0.5,100,70,"75",70,1.9,80,"Sawsbuck",60,70,95,"normal","grass",92.5,5,0
"587",0.5,1,1,1,1,0.5,1,0.5,1,0.5,0,2,1,1,1,2,0.5,1,75,70,"200",60,0.4,55,"Emolga",75,60,103,"electric","flying",5,5,0
"588",1,1,1,1,1,0.5,2,2,1,0.5,0.5,1,1,1,1,2,1,1,75,70,"200",45,0.5,50,"Karrablast",40,45,60,"bug","",5.9,5,0
"589",0.5,1,0.5,1,0.5,1,4,1,1,0.25,1,0.5,0.5,0,0.5,1,0.5,1,135,70,"75",105,1,70,"Escavalier",60,105,20,"bug","steel",33,5,0
"590",1,1,1,0.5,0.5,0.5,2,2,1,0.25,1,2,1,1,2,1,1,0.5,55,70,"190",45,0.2,69,"Foongus",55,55,15,"grass","poison",1,5,0
"591",1,1,1,0.5,0.5,0.5,2,2,1,0.25,1,2,1,1,2,1,1,0.5,85,70,"75",70,0.6,114,"Amoonguss",85,80,30,"grass","poison",10.5,5,0
"592",0.5,2,1,2,1,0,0.5,1,2,2,1,0.5,0,0.5,1,1,0.5,0.5,40,70,"190",50,1.2,55,"Frillish",65,85,40,"water","ghost",33,5,0
"593",0.5,2,1,2,1,0,0.5,1,2,2,1,0.5,0,0.5,1,1,0.5,0.5,60,70,"60",70,2.2,100,"Jellicent",85,105,60,"water","ghost",135,5,0
"594",1,1,1,2,1,1,0.5,1,1,2,1,0.5,1,1,1,1,0.5,0.5,75,70,"75",80,1.2,165,"Alomomola",40,45,65,"water","",31.6,5,0
"595",1,1,1,0.5,1,0.5,2,1,1,0.5,1,1,1,1,1,2,0.5,1,47,70,"190",50,0.1,50,"Joltik",57,50,65,"bug","electric",0.6,5,0
"596",1,1,1,0.5,1,0.5,2,1,1,0.5,1,1,1,1,1,2,0.5,1,77,70,"75",60,0.8,70,"Galvantula",97,60,108,"bug","electric",14.3,5,0
"597",1,1,0.5,0.5,0.5,2,4,1,1,0.25,1,1,0.5,0,0.5,0.5,0.5,0.5,50,70,"255",91,0.6,44,"Ferroseed",24,86,10,"grass","steel",18.8,5,0
"598",1,1,0.5,0.5,0.5,2,4,1,1,0.25,1,1,0.5,0,0.5,0.5,0.5,0.5,94,70,"90",131,1,74,"Ferrothorn",54,116,20,"grass","steel",110,5,0
"599",0.5,1,0.5,1,0.5,2,2,0.5,1,0.5,2,0.5,0.5,0,0.5,0.5,0.5,1,55,70,"130",70,0.3,40,"Klink",45,60,30,"steel","",21,5,0
"600",0.5,1,0.5,1,0.5,2,2,0.5,1,0.5,2,0.5,0.5,0,0.5,0.5,0.5,1,80,70,"60",95,0.6,60,"Klang",70,85,50,"steel","",51,5,0
"601",0.5,1,0.5,1,0.5,2,2,0.5,1,0.5,2,0.5,0.5,0,0.5,0.5,0.5,1,100,70,"30",115,0.6,60,"Klinklang",70,85,90,"steel","",81,5,0
"602",1,1,1,0.5,1,1,1,0.5,1,1,2,1,1,1,1,1,0.5,1,55,70,"190",40,0.2,35,"Tynamo",45,40,60,"electric","",0.3,5,0
"603",1,1,1,0.5,1,1,1,0.5,1,1,2,1,1,1,1,1,0.5,1,85,70,"60",70,1.2,65,"Eelektrik",75,70,40,"electric","",22,5,0
"604",1,1,1,0.5,1,1,1,0.5,1,1,2,1,1,1,1,1,0.5,1,115,70,"30",80,2.1,85,"Eelektross",105,80,50,"electric","",80.5,5,0
"605",2,2,1,1,1,0.5,1,1,2,1,1,1,1,1,0.5,1,1,1,55,70,"255",55,0.5,55,"Elgyem",85,55,30,"psychic","",9,5,0
"606",2,2,1,1,1,0.5,1,1,2,1,1,1,1,1,0.5,1,1,1,75,70,"90",75,1,75,"Beheeyem",125,95,40,"psychic","",34.5,5,0
"607",0.25,2,1,1,0.5,0,0.5,1,2,0.5,2,0.5,0,0.5,1,2,0.5,2,30,70,"190",55,0.3,50,"Litwick",65,55,20,"ghost","fire",3.1,5,0
"608",0.25,2,1,1,0.5,0,0.5,1,2,0.5,2,0.5,0,0.5,1,2,0.5,2,40,70,"90",60,0.6,60,"Lampent",95,60,55,"ghost","fire",13,5,0
"609",0.25,2,1,1,0.5,0,0.5,1,2,0.5,2,0.5,0,0.5,1,2,0.5,2,55,70,"45",90,1,60,"Chandelure",145,90,80,"ghost","fire",34.3,5,0
"610",1,1,2,0.5,2,1,0.5,1,1,0.5,1,2,1,1,1,1,1,0.5,87,35,"75",60,0.6,46,"Axew",30,40,57,"dragon","",18,5,0
"611",1,1,2,0.5,2,1,0.5,1,1,0.5,1,2,1,1,1,1,1,0.5,117,35,"60",70,1,66,"Fraxure",40,50,67,"dragon","",36,5,0
"612",1,1,2,0.5,2,1,0.5,1,1,0.5,1,2,1,1,1,1,1,0.5,147,35,"45",90,1.8,76,"Haxorus",60,70,97,"dragon","",105.5,5,0
"613",1,1,1,1,1,2,2,1,1,1,1,0.5,1,1,1,2,2,1,70,70,"120",40,0.5,55,"Cubchoo",60,40,40,"ice","",8.5,5,0
"614",1,1,1,1,1,2,2,1,1,1,1,0.5,1,1,1,2,2,1,130,70,"60",80,2.6,95,"Beartic",70,80,50,"ice","",260,5,0
"615",1,1,1,1,1,2,2,1,1,1,1,0.5,1,1,1,2,2,1,50,70,"25",50,1.1,80,"Cryogonal",95,135,105,"ice","",148,5,0
"616",1,1,1,1,1,0.5,2,2,1,0.5,0.5,1,1,1,1,2,1,1,40,70,"200",85,0.4,50,"Shelmet",40,65,25,"bug","",7.7,5,0
"617",1,1,1,1,1,0.5,2,2,1,0.5,0.5,1,1,1,1,2,1,1,70,70,"75",40,0.8,80,"Accelgor",100,60,145,"bug","",25.3,5,0
"618",1,1,1,0,1,1,1,0.5,1,2,2,2,1,0.5,1,0.5,0.5,2,66,70,"75",84,0.7,109,"Stunfisk",81,99,32,"ground","electric",11,5,0
"619",0.5,0.5,1,1,2,1,1,2,1,1,1,1,1,1,2,0.5,1,1,85,70,"180",50,0.9,45,"Mienfoo",55,50,65,"fighting","",20,5,0
"620",0.5,0.5,1,1,2,1,1,2,1,1,1,1,1,1,2,0.5,1,1,125,70,"45",60,1.4,65,"Mienshao",95,60,105,"fighting","",35.5,5,0
"621",1,1,2,0.5,2,1,0.5,1,1,0.5,1,2,1,1,1,1,1,0.5,120,70,"45",90,1.6,77,"Druddigon",60,90,48,"dragon","",139,5,0
"622",0.5,2,1,0,1,0,1,1,2,2,1,2,0,0.25,1,0.5,1,2,74,70,"190",50,1,59,"Golett",35,50,35,"ground","ghost",92,5,0
"623",0.5,2,1,0,1,0,1,1,2,2,1,2,0,0.25,1,0.5,1,2,124,70,"90",80,2.8,89,"Golurk",55,80,55,"ground","ghost",330,5,0
"624",1,0.5,0.5,1,1,4,2,0.5,0.5,0.5,2,0.5,0.5,0,0,0.5,0.5,1,85,35,"120",70,0.5,45,"Pawniard",40,40,60,"dark","steel",10.2,5,0
"625",1,0.5,0.5,1,1,4,2,0.5,0.5,0.5,2,0.5,0.5,0,0,0.5,0.5,1,125,35,"45",100,1.6,65,"Bisharp",60,70,70,"dark","steel",70,5,0
"626",1,1,1,1,1,2,1,1,0,1,1,1,1,1,1,1,1,1,110,70,"45",95,1.6,95,"Bouffalant",40,95,55,"normal","",94.6,5,0
"627",0.5,1,1,2,1,1,1,1,0,0.5,0,2,1,1,1,2,1,1,83,70,"190",50,0.5,70,"Rufflet",37,50,60,"normal","flying",10.5,5,0
"628",0.5,1,1,2,1,1,1,1,0,0.5,0,2,1,1,1,2,1,1,123,70,"60",75,1.5,100,"Braviary",57,75,80,"normal","flying",41,5,0
"629",1,0.5,1,2,2,1,1,1,0.5,0.5,0,2,1,1,0,2,1,1,55,35,"190",75,0.5,70,"Vullaby",45,65,60,"dark","flying",9,5,0
"630",1,0.5,1,2,2,1,1,1,0.5,0.5,0,2,1,1,0,2,1,1,65,35,"60",105,1.2,110,"Mandibuzz",55,95,80,"dark","flying",39.5,5,0
"631",0.5,1,1,1,0.5,1,0.5,1,1,0.5,2,0.5,1,1,1,2,0.5,2,97,70,"90",66,1.4,85,"Heatmor",105,66,65,"fire","",58,5,0
"632",0.5,1,0.5,1,0.5,1,4,1,1,0.25,1,0.5,0.5,0,0.5,1,0.5,1,109,70,"90",112,0.3,58,"Durant",48,48,109,"bug","steel",33,5,0
"633",2,0.5,2,0.5,4,2,0.5,1,0.5,0.5,1,2,1,1,0,1,1,0.5,65,35,"45",50,0.8,52,"Deino",45,50,38,"dark","dragon",17.3,5,0
"634",2,0.5,2,0.5,4,2,0.5,1,0.5,0.5,1,2,1,1,0,1,1,0.5,85,35,"45",70,1.4,72,"Zweilous",65,70,58,"dark","dragon",50,5,0
"635",2,0.5,2,0.5,4,2,0.5,1,0.5,0.5,1,2,1,1,0,1,1,0.5,105,35,"45",90,1.8,92,"Hydreigon",125,90,98,"dark","dragon",160,5,0
"636",0.5,1,1,1,0.5,0.5,1,2,1,0.25,1,0.5,1,1,1,4,0.5,2,85,70,"45",55,1.1,55,"Larvesta",50,55,60,"bug","fire",28.8,5,0
"637",0.5,1,1,1,0.5,0.5,1,2,1,0.25,1,0.5,1,1,1,4,0.5,2,60,70,"15",65,1.6,85,"Volcarona",135,105,100,"bug","fire",46,5,0
"638",0.25,0.5,0.5,1,1,2,2,1,1,0.5,2,0.5,0.5,0,1,0.25,0.5,1,90,35,"3",129,2.1,91,"Cobalion",90,72,108,"steel","fighting",250,5,1
"639",0.5,0.5,1,1,2,2,0.5,1,1,2,2,1,0.5,0.5,2,0.5,2,2,129,35,"3",90,1.9,91,"Terrakion",72,90,108,"rock","fighting",260,5,1
"640",1,0.5,1,0.5,2,1,2,4,1,0.5,0.5,2,1,2,2,0.5,1,0.5,90,35,"3",72,2,91,"Virizion",90,129,108,"grass","fighting",200,5,1
"641",0.5,1,1,2,1,0.5,1,1,1,0.5,0,2,1,1,1,2,1,1,100,90,"3",80,1.5,79,"Tornadus",110,90,121,"flying","",63,5,1
"642",0.5,1,1,1,1,0.5,1,0.5,1,0.5,0,2,1,1,1,2,0.5,1,105,90,"3",70,1.5,79,"Thundurus",145,80,101,"electric","flying",61,5,1
"643",0.5,1,2,0.5,1,1,0.25,1,1,0.25,2,1,1,1,1,2,0.5,1,120,0,"3",100,3.2,100,"Reshiram",150,120,90,"dragon","fire",330,5,1
"644",1,1,2,0.25,2,1,0.5,0.5,1,0.5,2,2,1,1,1,1,0.5,0.5,150,0,"3",120,2.9,100,"Zekrom",120,100,90,"dragon","electric",345,5,1
"645",0.5,1,1,0,1,0.5,1,1,1,1,0,4,1,0.5,1,1,1,2,145,90,"3",90,1.5,89,"Landorus",105,80,91,"ground","flying",68,5,1
"646",1,1,2,0.5,2,2,1,1,1,0.5,1,1,1,1,1,2,2,0.5,120,0,"3",90,3,125,"Kyurem",170,100,95,"dragon","ice",325,5,1
"647",0.5,0.5,1,2,2,1,0.5,2,1,2,1,0.5,1,1,2,0.5,0.5,0.5,72,35,"3",90,1.4,91,"Keldeo",129,90,108,"water","fighting",48.5,5,1
"648",2,2,1,1,1,1,1,1,0,1,1,1,1,1,0.5,1,1,1,128,100,"3",90,0.6,100,"Meloetta",77,77,128,"normal","psychic",6.5,5,1
"649",0.5,1,0.5,1,0.5,1,4,1,1,0.25,1,0.5,0.5,0,0.5,1,0.5,1,120,0,"3",95,1.5,71,"Genesect",120,95,99,"bug","steel",82.5,5,1
"650",2,1,1,0.5,1,1,2,2,1,0.5,0.5,2,1,2,1,1,1,0.5,61,70,"45",65,0.4,56,"Chespin",48,45,38,"grass","",9,6,0
"651",2,1,1,0.5,1,1,2,2,1,0.5,0.5,2,1,2,1,1,1,0.5,78,70,"45",95,0.7,61,"Quilladin",56,58,57,"grass","",29,6,0
"652",1,0.5,1,0.5,2,1,2,4,1,0.5,0.5,2,1,2,2,0.5,1,0.5,107,70,"45",122,1.6,88,"Chesnaught",74,75,64,"grass","fighting",90,6,0
"653",0.5,1,1,1,0.5,1,0.5,1,1,0.5,2,0.5,1,1,1,2,0.5,2,45,70,"45",40,0.4,40,"Fennekin",62,60,60,"fire","",9.4,6,0
"654",0.5,1,1,1,0.5,1,0.5,1,1,0.5,2,0.5,1,1,1,2,0.5,2,59,70,"45",58,1,59,"Braixen",90,70,73,"fire","",14.5,6,0
"655",1,2,1,1,0.5,0.5,0.5,1,2,0.5,2,0.5,1,1,0.5,2,0.5,2,69,70,"45",72,1.5,75,"Delphox",114,100,104,"fire","psychic",39,6,0
"656",1,1,1,2,1,1,0.5,1,1,2,1,0.5,1,1,1,1,0.5,0.5,56,70,"45",40,0.3,41,"Froakie",62,44,71,"water","",7,6,0
"657",1,1,1,2,1,1,0.5,1,1,2,1,0.5,1,1,1,1,0.5,0.5,63,70,"45",52,0.6,54,"Frogadier",83,56,97,"water","",10.9,6,0
"658",2,0.5,1,2,2,2,0.5,1,0.5,2,1,0.5,1,1,0,1,0.5,0.5,145,70,"45",67,1.5,72,"Greninja",153,71,132,"water","dark",40,6,0
"659",1,1,1,1,1,2,1,1,0,1,1,1,1,1,1,1,1,1,36,70,"255",38,0.4,38,"Bunnelby",32,36,57,"normal","",5,6,0
"660",1,1,1,0,1,2,1,1,0,2,1,2,1,0.5,1,0.5,1,2,56,70,"127",77,1,85,"Diggersby",50,77,78,"normal","ground",42.4,6,0
"661",0.5,1,1,2,1,1,1,1,0,0.5,0,2,1,1,1,2,1,1,50,70,"255",43,0.3,45,"Fletchling",40,38,62,"normal","flying",1.7,6,0
"662",0.25,1,1,2,0.5,0.5,0.5,1,1,0.25,0,1,1,1,1,4,0.5,2,73,70,"120",55,0.7,62,"Fletchinder",56,52,84,"fire","flying",16,6,0
"663",0.25,1,1,2,0.5,0.5,0.5,1,1,0.25,0,1,1,1,1,4,0.5,2,81,70,"45",71,1.2,78,"Talonflame",74,69,126,"fire","flying",24.5,6,0
"664",1,1,1,1,1,0.5,2,2,1,0.5,0.5,1,1,1,1,2,1,1,35,70,"255",40,0.3,38,"Scatterbug",27,25,35,"bug","",2.5,6,0
"665",1,1,1,1,1,0.5,2,2,1,0.5,0.5,1,1,1,1,2,1,1,22,70,"120",60,0.3,45,"Spewpa",27,30,29,"bug","",8.4,6,0
"666",0.5,1,1,2,1,0.25,2,2,1,0.25,0,2,1,1,1,4,1,1,52,70,"45",50,1.2,80,"Vivillon",90,50,89,"bug","flying",17,6,0
"667",0.5,1,1,1,0.5,2,0.5,1,0,0.5,2,0.5,1,1,1,2,0.5,2,50,70,"220",58,0.6,62,"Litleo",73,54,72,"fire","normal",13.5,6,0
"668",0.5,1,1,1,0.5,2,0.5,1,0,0.5,2,0.5,1,1,1,2,0.5,2,68,70,"65",72,1.5,86,"Pyroar",109,66,106,"fire","normal",81.5,6,0
"669",0.5,0.5,0,1,1,0.5,1,1,1,1,1,1,1,2,1,1,2,1,38,70,"225",39,0.1,44,"Flabébé",61,79,42,"fairy","",0.1,6,0
"670",0.5,0.5,0,1,1,0.5,1,1,1,1,1,1,1,2,1,1,2,1,65,70,"120",67,0.2,74,"Floette",125,128,92,"fairy","",0.9,6,0
"671",0.5,0.5,0,1,1,0.5,1,1,1,1,1,1,1,2,1,1,2,1,65,70,"45",68,1.1,78,"Florges",112,154,75,"fairy","",10,6,0
"672",2,1,1,0.5,1,1,2,2,1,0.5,0.5,2,1,2,1,1,1,0.5,65,70,"200",48,0.9,66,"Skiddo",62,57,52,"grass","",31,6,0
"673",2,1,1,0.5,1,1,2,2,1,0.5,0.5,2,1,2,1,1,1,0.5,100,70,"45",62,1.7,123,"Gogoat",97,81,68,"grass","",91,6,0
"674",0.5,0.5,1,1,2,1,1,2,1,1,1,1,1,1,2,0.5,1,1,82,70,"220",62,0.6,67,"Pancham",46,48,43,"fighting","",8,6,0
"675",1,0.25,1,1,4,2,1,2,0.5,1,1,1,1,1,0,0.5,1,1,124,70,"65",78,2.1,95,"Pangoro",69,71,58,"fighting","dark",136,6,0
"676",1,1,1,1,1,2,1,1,0,1,1,1,1,1,1,1,1,1,80,70,"160",60,1.2,75,"Furfrou",65,90,102,"normal","",28,6,0
"677",2,2,1,1,1,0.5,1,1,2,1,1,1,1,1,0.5,1,1,1,48,70,"190",54,0.3,62,"Espurr",63,60,68,"psychic","",3.5,6,0
"678",2,2,1,1,1,0.5,1,1,2,1,1,1,1,1,0.5,1,1,1,48,70,"75",76,0.6,74,"Meowstic",83,81,104,"psychic","",8.5,6,0
"679",0.25,2,0.5,1,0.5,0,2,0.5,2,0.5,2,0.5,0,0,0.5,0.5,0.5,1,80,70,"180",100,0.8,45,"Honedge",35,37,28,"steel","ghost",2,6,0
"680",0.25,2,0.5,1,0.5,0,2,0.5,2,0.5,2,0.5,0,0,0.5,0.5,0.5,1,110,70,"90",150,0.8,59,"Doublade",45,49,35,"steel","ghost",4.5,6,0
"681",0.25,2,0.5,1,0.5,0,2,0.5,2,0.5,2,0.5,0,0,0.5,0.5,0.5,1,150,70,"45",50,1.7,60,"Aegislash",150,50,60,"steel","ghost",53,6,0
"682",0.5,0.5,0,1,1,0.5,1,1,1,1,1,1,1,2,1,1,2,1,52,70,"200",60,0.2,78,"Spritzee",63,65,23,"fairy","",0.5,6,0
"683",0.5,0.5,0,1,1,0.5,1,1,1,1,1,1,1,2,1,1,2,1,72,70,"140",72,0.8,101,"Aromatisse",99,89,29,"fairy","",15.5,6,0
"684",0.5,0.5,0,1,1,0.5,1,1,1,1,1,1,1,2,1,1,2,1,48,70,"200",66,0.4,62,"Swirlix",59,57,49,"fairy","",3.5,6,0
"685",0.5,0.5,0,1,1,0.5,1,1,1,1,1,1,1,2,1,1,2,1,80,70,"140",86,0.8,82,"Slurpuff",85,75,72,"fairy","",5,6,0
"686",4,1,1,1,2,1,1,1,1,1,1,1,1,1,0,1,1,1,54,70,"190",53,0.4,53,"Inkay",37,46,45,"dark","psychic",3.5,6,0
"687",4,1,1,1,2,1,1,1,1,1,1,1,1,1,0,1,1,1,92,70,"80",88,1.5,86,"Malamar",68,75,73,"dark","psychic",47,6,0
"688",1,1,1,2,1,2,0.25,0.5,1,4,2,0.5,0.5,0.5,1,1,1,1,52,70,"120",67,0.5,42,"Binacle",39,56,50,"rock","water",31,6,0
"689",1,1,1,2,1,2,0.25,0.5,1,4,2,0.5,0.5,0.5,1,1,1,1,105,70,"45",115,1.3,72,"Barbaracle",54,86,68,"rock","water",96,6,0
"690",0.5,1,1,2,0.5,0.5,0.5,1,1,1,2,0.5,1,0.5,2,1,0.5,0.5,60,70,"225",60,0.5,50,"Skrelp",60,60,30,"poison","water",7.3,6,0
"691",0.5,1,2,0.5,1,0.5,0.5,1,1,0.25,2,2,1,0.5,2,1,1,0.5,75,70,"55",90,1.8,65,"Dragalge",97,123,44,"poison","dragon",81.5,6,0
"692",1,1,1,2,1,1,0.5,1,1,2,1,0.5,1,1,1,1,0.5,0.5,53,70,"225",62,0.5,50,"Clauncher",58,63,44,"water","",8.3,6,0
"693",1,1,1,2,1,1,0.5,1,1,2,1,0.5,1,1,1,1,0.5,0.5,73,70,"55",88,1.3,71,"Clawitzer",120,89,59,"water","",35.3,6,0
"694",1,1,1,0.5,1,2,1,0.5,0,1,2,1,1,1,1,1,0.5,1,38,70,"190",33,0.5,44,"Helioptile",61,43,70,"electric","normal",6,6,0
"695",1,1,1,0.5,1,2,1,0.5,0,1,2,1,1,1,1,1,0.5,1,55,70,"75",52,1,62,"Heliolisk",109,94,109,"electric","normal",21,6,0
"696",1,1,2,0.5,2,2,0.25,0.5,1,1,2,2,0.5,0.5,1,1,2,1,89,70,"45",77,0.8,58,"Tyrunt",45,45,48,"rock","dragon",26,6,0
"697",1,1,2,0.5,2,2,0.25,0.5,1,1,2,2,0.5,0.5,1,1,2,1,121,70,"45",119,2.5,82,"Tyrantrum",69,59,71,"rock","dragon",270,6,0
"698",1,1,1,1,1,4,1,0.5,1,2,2,0.5,0.5,0.5,1,2,4,2,59,70,"45",50,1.3,77,"Amaura",67,63,46,"rock","ice",25.2,6,0
"699",1,1,1,1,1,4,1,0.5,1,2,2,0.5,0.5,0.5,1,2,4,2,77,70,"45",72,2.7,123,"Aurorus",99,92,58,"rock","ice",225,6,0
"700",0.5,0.5,0,1,1,0.5,1,1,1,1,1,1,1,2,1,1,2,1,65,70,"45",65,1,95,"Sylveon",110,130,60,"fairy","",23.5,6,0
"701",0.25,0.5,1,2,2,0.5,1,2,1,0.5,0,2,1,1,2,1,1,1,92,70,"100",75,0.8,78,"Hawlucha",74,63,118,"fighting","flying",21.5,6,0
"702",0.5,0.5,0,0.5,1,0.5,1,0.5,1,1,2,1,1,2,1,1,1,1,58,70,"180",57,0.2,67,"Dedenne",81,67,101,"electric","fairy",2.2,6,0
"703",0.5,0.5,0,1,1,1,0.5,0.5,1,2,2,1,0.5,1,1,1,4,2,50,70,"60",150,0.3,50,"Carbink",50,150,50,"rock","fairy",5.7,6,0
"704",1,1,2,0.5,2,1,0.5,1,1,0.5,1,2,1,1,1,1,1,0.5,50,35,"45",35,0.3,45,"Goomy",55,75,40,"dragon","",2.8,6,0
"705",1,1,2,0.5,2,1,0.5,1,1,0.5,1,2,1,1,1,1,1,0.5,75,35,"45",53,0.8,68,"Sliggoo",83,113,60,"dragon","",17.5,6,0
"706",1,1,2,0.5,2,1,0.5,1,1,0.5,1,2,1,1,1,1,1,0.5,100,35,"45",70,2,90,"Goodra",110,150,80,"dragon","",150.5,6,0
"707",0.25,0.5,0,1,0.5,1,2,0.5,1,0.5,2,0.5,0.5,0,0.5,0.5,1,1,80,70,"75",91,0.2,57,"Klefki",80,87,75,"steel","fairy",3,6,0
"708",1,2,1,0.5,1,0,2,2,2,0.5,0.5,2,0,1,1,1,1,0.5,70,70,"120",48,0.4,43,"Phantump",50,60,38,"ghost","grass",7,6,0
"709",1,2,1,0.5,1,0,2,2,2,0.5,0.5,2,0,1,1,1,1,0.5,110,70,"60",76,1.5,85,"Trevenant",65,82,56,"ghost","grass",71,6,0
"710",1,2,1,0.5,1,0,2,2,2,0.5,0.5,2,0,1,1,1,1,0.5,66,70,"120",70,0.8,59,"Pumpkaboo",44,55,41,"ghost","grass",15,6,0
"711",1,2,1,0.5,1,0,2,2,2,0.5,0.5,2,0,1,1,1,1,0.5,100,70,"60",122,1.7,85,"Gourgeist",58,75,54,"ghost","grass",39,6,0
"712",1,1,1,1,1,2,2,1,1,1,1,0.5,1,1,1,2,2,1,69,70,"190",85,1,55,"Bergmite",32,35,28,"ice","",99.5,6,0
"713",1,1,1,1,1,2,2,1,1,1,1,0.5,1,1,1,2,2,1,117,70,"55",184,2,95,"Avalugg",44,46,28,"ice","",505,6,0
"714",0.5,1,2,1,2,0.5,0.5,1,1,0.25,0,4,1,1,1,2,1,0.5,30,70,"190",35,0.5,40,"Noibat",45,40,55,"flying","dragon",8,6,0
"715",0.5,1,2,1,2,0.5,0.5,1,1,0.25,0,4,1,1,1,2,1,0.5,70,70,"45",80,1.5,85,"Noivern",97,80,123,"flying","dragon",85,6,0
"716",0.5,0.5,0,1,1,0.5,1,1,1,1,1,1,1,2,1,1,2,1,131,0,"45",95,3,126,"Xerneas",131,98,99,"fairy","",215,6,1
"717",1,0.5,1,2,2,1,1,1,0.5,0.5,0,2,1,1,0,2,1,1,131,0,"45",95,5.8,126,"Yveltal",131,98,99,"dark","flying",203,6,1
"718",1,1,2,0,2,1,0.5,1,1,1,1,4,1,0.5,1,0.5,1,1,100,0,"3",121,5,216,"Zygarde",91,95,85,"dragon","ground",284.6,6,1
"719",0.5,0.5,0,1,1,1,0.5,0.5,1,2,2,1,0.5,1,1,1,4,2,160,70,"3",110,0.7,50,"Diancie",160,110,110,"rock","fairy",8.8,6,1
"720",1,4,1,1,1,0,1,1,4,1,1,1,0,0.5,0.5,1,1,1,160,100,"3",60,0.5,80,"Hoopa",170,130,80,"psychic","ghost",9,6,1
"721",0.5,1,1,2,0.5,1,0.25,1,1,1,2,0.25,1,1,1,2,0.25,1,110,100,"3",120,1.7,80,"Volcanion",130,90,70,"fire","water",195,6,1
"722",1,1,1,1,1,0.5,2,2,1,0.25,0,4,1,2,1,2,1,0.5,55,70,"45",55,0.3,68,"Rowlet",50,50,42,"grass","flying",1.5,7,0
"723",1,1,1,1,1,0.5,2,2,1,0.25,0,4,1,2,1,2,1,0.5,75,70,"45",75,0.7,78,"Dartrix",70,70,52,"grass","flying",16,7,0
"724",1,2,1,0.5,1,0,2,2,2,0.5,0.5,2,0,1,1,1,1,0.5,107,70,"45",75,1.6,78,"Decidueye",100,100,70,"grass","ghost",36.6,7,0
"725",0.5,1,1,1,0.5,1,0.5,1,1,0.5,2,0.5,1,1,1,2,0.5,2,65,70,"45",40,0.4,45,"Litten",60,40,70,"fire","",4.3,7,0
"726",0.5,1,1,1,0.5,1,0.5,1,1,0.5,2,0.5,1,1,1,2,0.5,2,85,70,"45",50,0.7,65,"Torracat",80,50,90,"fire","",25,7,0
"727",1,0.5,1,1,1,2,0.5,1,0.5,0.5,2,0.5,1,1,0,2,0.5,2,115,70,"45",90,1.8,95,"Incineroar",80,90,60,"fire","dark",83,7,0
"728",1,1,1,2,1,1,0.5,1,1,2,1,0.5,1,1,1,1,0.5,0.5,54,70,"45",54,0.4,50,"Popplio",66,56,40,"water","",7.5,7,0
"729",1,1,1,2,1,1,0.5,1,1,2,1,0.5,1,1,1,1,0.5,0.5,69,70,"45",69,0.6,60,"Brionne",91,81,50,"water","",17.5,7,0
"730",0.5,0.5,0,2,1,0.5,0.5,1,1,2,1,0.5,1,2,1,1,1,0.5,74,70,"45",74,1.8,80,"Primarina",126,116,60,"water","fairy",44,7,0
"731",0.5,1,1,2,1,1,1,1,0,0.5,0,2,1,1,1,2,1,1,75,70,"255",30,0.3,35,"Pikipek",30,30,65,"normal","flying",1.2,7,0
"732",0.5,1,1,2,1,1,1,1,0,0.5,0,2,1,1,1,2,1,1,85,70,"120",50,0.6,55,"Trumbeak",40,50,75,"normal","flying",14.8,7,0
"733",0.5,1,1,2,1,1,1,1,0,0.5,0,2,1,1,1,2,1,1,120,70,"45",75,1.1,80,"Toucannon",75,75,60,"normal","flying",26,7,0
"734",1,1,1,1,1,2,1,1,0,1,1,1,1,1,1,1,1,1,70,70,"255",30,0.4,48,"Yungoos",30,30,45,"normal","",6,7,0
"735",1,1,1,1,1,2,1,1,0,1,1,1,1,1,1,1,1,1,110,70,"127",60,0.7,88,"Gumshoos",55,60,45,"normal","",14.2,7,0
"736",1,1,1,1,1,0.5,2,2,1,0.5,0.5,1,1,1,1,2,1,1,62,70,"255",45,0.4,47,"Grubbin",55,45,46,"bug","",4.4,7,0
"737",1,1,1,0.5,1,0.5,2,1,1,0.5,1,1,1,1,1,2,0.5,1,82,70,"120",95,0.5,57,"Charjabug",55,75,36,"bug","electric",10.5,7,0
"738",1,1,1,0.5,1,0.5,2,1,1,0.5,1,1,1,1,1,2,0.5,1,70,70,"45",90,1.5,77,"Vikavolt",145,75,43,"bug","electric",45,7,0
"739",0.5,0.5,1,1,2,1,1,2,1,1,1,1,1,1,2,0.5,1,1,82,70,"225",57,0.6,47,"Crabrawler",42,47,63,"fighting","",7,7,0
"740",0.5,0.5,1,1,2,2,2,2,1,1,1,0.5,1,1,2,1,2,1,132,70,"60",77,1.7,97,"Crabominable",62,67,43,"fighting","ice",180,7,0
"741",0.25,1,1,2,0.5,0.5,0.5,1,1,0.25,0,1,1,1,1,4,0.5,2,70,70,"45",70,0.6,75,"Oricorio",98,70,93,"fire","flying",3.4,7,0
"742",0.5,0.5,0,1,1,0.25,2,2,1,0.5,0.5,1,1,2,1,2,2,1,45,70,"190",40,0.1,40,"Cutiefly",55,40,84,"bug","fairy",0.2,7,0
"743",0.5,0.5,0,1,1,0.25,2,2,1,0.5,0.5,1,1,2,1,2,2,1,55,70,"75",60,0.2,60,"Ribombee",95,70,124,"bug","fairy",0.5,7,0
"744",1,1,1,1,1,2,0.5,0.5,1,2,2,1,0.5,0.5,1,1,2,2,65,70,"190",40,0.5,45,"Rockruff",30,40,60,"rock","",9.2,7,0
"745",1,1,1,1,1,2,0.5,0.5,1,2,2,1,0.5,0.5,1,1,2,2,115,70,"90",75,1.1,85,"Lycanroc",55,75,82,"rock","",25,7,0
"746",1,1,1,2,1,1,0.5,1,1,2,1,0.5,1,1,1,1,0.5,0.5,140,70,"60",130,0.2,45,"Wishiwashi",140,135,30,"water","",0.3,7,0
"747",0.5,1,1,2,0.5,0.5,0.5,1,1,1,2,0.5,1,0.5,2,1,0.5,0.5,53,70,"190",62,0.4,50,"Mareanie",43,52,45,"poison","water",8,7,0
"748",0.5,1,1,2,0.5,0.5,0.5,1,1,1,2,0.5,1,0.5,2,1,0.5,0.5,63,70,"75",152,0.7,50,"Toxapex",53,142,35,"poison","water",14.5,7,0
"749",1,1,1,0,1,1,1,1,1,2,1,2,1,0.5,1,0.5,1,2,100,70,"190",70,1,70,"Mudbray",45,55,45,"ground","",110,7,0
"750",1,1,1,0,1,1,1,1,1,2,1,2,1,0.5,1,0.5,1,2,125,70,"60",100,2.5,100,"Mudsdale",55,85,35,"ground","",920,7,0
"751",1,1,1,2,1,0.5,1,2,1,1,0.5,0.5,1,1,1,2,0.5,0.5,40,70,"200",52,0.3,38,"Dewpider",40,72,27,"water","bug",4,7,0
"752",1,1,1,2,1,0.5,1,2,1,1,0.5,0.5,1,1,1,2,0.5,0.5,70,70,"100",92,1.8,68,"Araquanid",50,132,42,"water","bug",82,7,0
"753",2,1,1,0.5,1,1,2,2,1,0.5,0.5,2,1,2,1,1,1,0.5,55,70,"190",35,0.3,40,"Fomantis",50,35,35,"grass","",1.5,7,0
"754",2,1,1,0.5,1,1,2,2,1,0.5,0.5,2,1,2,1,1,1,0.5,105,70,"75",90,0.9,70,"Lurantis",80,90,45,"grass","",18.5,7,0
"755",1,0.5,0,0.5,1,0.5,2,2,1,0.5,0.5,2,1,4,1,1,2,0.5,35,70,"190",55,0.2,40,"Morelull",65,75,15,"grass","fairy",1.5,7,0
"756",1,0.5,0,0.5,1,0.5,2,2,1,0.5,0.5,2,1,4,1,1,2,0.5,45,70,"75",80,1,60,"Shiinotic",90,100,30,"grass","fairy",11.5,7,0
"757",0.25,1,1,1,0.25,0.5,0.5,1,1,0.25,4,0.5,1,0.5,2,2,0.5,2,44,70,"120",40,0.6,48,"Salandit",71,40,77,"poison","fire",4.8,7,0
"758",0.25,1,1,1,0.25,0.5,0.5,1,1,0.25,4,0.5,1,0.5,2,2,0.5,2,64,70,"45",60,1.2,68,"Salazzle",111,60,117,"poison","fire",22.2,7,0
"759",0.5,0.5,1,1,2,2,1,2,0,1,1,1,1,1,2,0.5,1,1,75,70,"140",50,0.5,70,"Stufful",45,50,50,"normal","fighting",6.8,7,0
"760",0.5,0.5,1,1,2,2,1,2,0,1,1,1,1,1,2,0.5,1,1,125,70,"70",80,2.1,120,"Bewear",55,60,60,"normal","fighting",135,7,0
"761",2,1,1,0.5,1,1,2,2,1,0.5,0.5,2,1,2,1,1,1,0.5,30,70,"235",38,0.3,42,"Bounsweet",30,38,32,"grass","",3.2,7,0
"762",2,1,1,0.5,1,1,2,2,1,0.5,0.5,2,1,2,1,1,1,0.5,40,70,"120",48,0.7,52,"Steenee",40,48,62,"grass","",8.2,7,0
"763",2,1,1,0.5,1,1,2,2,1,0.5,0.5,2,1,2,1,1,1,0.5,120,70,"45",98,1.2,72,"Tsareena",50,98,72,"grass","",21.4,7,0
"764",0.5,0.5,0,1,1,0.5,1,1,1,1,1,1,1,2,1,1,2,1,52,70,"60",90,0.1,51,"Comfey",82,110,100,"fairy","",0.3,7,0
"765",2,2,1,1,1,1,1,1,0,1,1,1,1,1,0.5,1,1,1,60,70,"45",80,1.5,90,"Oranguru",90,110,60,"normal","psychic",76,7,0
"766",0.5,0.5,1,1,2,1,1,2,1,1,1,1,1,1,2,0.5,1,1,120,70,"45",90,2,100,"Passimian",40,60,80,"fighting","",82.8,7,0
"767",1,1,1,2,1,0.5,1,2,1,1,0.5,0.5,1,1,1,2,0.5,0.5,35,70,"90",40,0.5,25,"Wimpod",20,30,80,"bug","water",12,7,0
"768",1,1,1,2,1,0.5,1,2,1,1,0.5,0.5,1,1,1,2,0.5,0.5,125,70,"45",140,2,75,"Golisopod",60,90,40,"bug","water",108,7,0
"769",0.5,2,1,0,1,0,1,1,2,2,1,2,0,0.25,1,0.5,1,2,55,70,"140",80,0.5,55,"Sandygast",70,45,15,"ghost","ground",70,7,0
"770",0.5,2,1,0,1,0,1,1,2,2,1,2,0,0.25,1,0.5,1,2,75,70,"60",110,1.3,85,"Palossand",100,75,35,"ghost","ground",250,7,0
"771",1,1,1,2,1,1,0.5,1,1,2,1,0.5,1,1,1,1,0.5,0.5,60,70,"60",130,0.3,55,"Pyukumuku",30,130,5,"water","",1.2,7,0
"772",1,1,1,1,1,2,1,1,0,1,1,1,1,1,1,1,1,1,95,0,"3",95,1.9,95,"Type: Null",95,95,59,"normal","",120.5,7,0
"773",1,1,1,1,1,2,1,1,0,1,1,1,1,1,1,1,1,1,95,0,"3",95,2.3,95,"Silvally",95,95,95,"normal","",100.5,7,0
"774",0.5,1,1,2,1,1,0.5,0.5,1,1,0,2,0.5,0.5,1,2,2,2,100,70,"30 (Meteorite)255 (Core)",60,0.3,60,"Minior",100,60,120,"rock","flying",40,7,0
"775",1,1,1,1,1,2,1,1,0,1,1,1,1,1,1,1,1,1,115,70,"45",65,0.4,65,"Komala",75,95,65,"normal","",19.9,7,0
"776",0.5,1,2,0.5,1,1,0.25,1,1,0.25,2,1,1,1,1,2,0.5,1,78,70,"70",135,2,60,"Turtonator",91,85,36,"fire","dragon",212,7,0
"777",0.5,1,0.5,0.5,0.5,2,2,0.25,1,0.5,4,0.5,0.5,0,0.5,0.5,0.25,1,98,70,"180",63,0.3,65,"Togedemaru",40,73,96,"electric","steel",3.3,7,0
"778",0.25,1,0,1,1,0,1,1,2,1,1,1,0,1,1,1,2,1,90,70,"45",80,0.2,55,"Mimikyu",50,105,96,"ghost","fairy",0.7,7,0
"779",2,2,1,2,1,0.5,0.5,1,2,2,1,0.5,1,1,0.5,1,0.5,0.5,105,70,"80",70,0.9,68,"Bruxish",70,70,92,"water","psychic",19,7,0
"780",1,1,2,0.5,2,2,0.5,1,0,0.5,1,2,1,1,1,1,1,0.5,60,70,"70",85,3,78,"Drampa",135,91,36,"normal","dragon",185,7,0
"781",1,2,1,0.5,1,0,2,2,2,0.5,0.5,2,0,1,1,1,1,0.5,131,70,"25",100,3.9,70,"Dhelmise",86,90,40,"ghost","grass",210,7,0
"782",1,1,2,0.5,2,1,0.5,1,1,0.5,1,2,1,1,1,1,1,0.5,55,70,"45",65,0.6,45,"Jangmo-o",45,45,45,"dragon","",29.7,7,0
"783",0.5,0.5,2,0.5,4,1,0.5,2,1,0.5,1,2,1,1,2,0.5,1,0.5,75,70,"45",90,1.2,55,"Hakamo-o",65,70,65,"dragon","fighting",47,7,0
"784",0.5,0.5,2,0.5,4,1,0.5,2,1,0.5,1,2,1,1,2,0.5,1,0.5,110,70,"45",125,1.6,75,"Kommo-o",100,105,85,"dragon","fighting",78.2,7,0
"785",0.5,0.5,0,0.5,1,0.5,1,0.5,1,1,2,1,1,2,1,1,1,1,115,70,"3",85,1.8,70,"Tapu Koko",95,75,130,"electric","fairy",20.5,7,1
"786",1,1,0,1,1,0.25,1,1,2,1,1,1,1,2,0.5,1,2,1,85,70,"3",75,1.2,70,"Tapu Lele",130,115,95,"psychic","fairy",18.6,7,1
"787",1,0.5,0,0.5,1,0.5,2,2,1,0.5,0.5,2,1,4,1,1,2,0.5,130,70,"3",115,1.9,70,"Tapu Bulu",85,95,75,"grass","fairy",45.5,7,1
"788",0.5,0.5,0,2,1,0.5,0.5,1,1,2,1,0.5,1,2,1,1,1,0.5,75,70,"3",115,1.3,70,"Tapu Fini",95,130,85,"water","fairy",21.2,7,1
"789",2,2,1,1,1,0.5,1,1,2,1,1,1,1,1,0.5,1,1,1,29,0,"45",31,0.2,43,"Cosmog",29,31,37,"psychic","",0.1,7,1
"790",2,2,1,1,1,0.5,1,1,2,1,1,1,1,1,0.5,1,1,1,29,0,"45",131,0.1,43,"Cosmoem",29,131,37,"psychic","",999.9,7,1
"791",1,2,0.5,1,0.5,1,2,0.5,2,0.5,2,0.5,0.5,0,0.25,0.5,0.5,1,137,0,"45",107,3.4,137,"Solgaleo",113,89,97,"psychic","steel",230,7,1
"792",1,4,1,1,1,0,1,1,4,1,1,1,0,0.5,0.5,1,1,1,113,0,"45",89,4,137,"Lunala",137,107,97,"psychic","ghost",120,7,1
"793",0.5,1,1,1,0.5,1,0.5,0.5,1,1,4,1,0.5,0.25,2,1,2,2,53,0,"45",47,1.2,109,"Nihilego",127,131,103,"rock","poison",55.5,7,1
"794",0.5,0.5,1,1,2,0.5,2,4,1,0.5,0.5,1,1,1,2,1,1,1,139,0,"25",139,2.4,107,"Buzzwole",53,53,79,"bug","fighting",333.6,7,1
"795",0.5,0.5,1,1,2,0.5,2,4,1,0.5,0.5,1,1,1,2,1,1,1,137,0,"255",37,1.8,71,"Pheromosa",137,37,151,"bug","fighting",25,7,1
"796",1,1,1,0.5,1,1,1,0.5,1,1,2,1,1,1,1,1,0.5,1,89,0,"30",71,3.8,83,"Xurkitree",173,71,83,"electric","",100,7,1
"797",0.25,1,0.5,2,0.5,1,2,0.5,1,0.25,0,1,0.5,0,0.5,1,0.5,1,101,0,"25",103,9.2,97,"Celesteela",107,101,61,"steel","flying",999.9,7,1
"798",1,1,0.5,0.5,0.5,2,4,1,1,0.25,1,1,0.5,0,0.5,0.5,0.5,0.5,181,0,"255",131,0.3,59,"Kartana",59,31,109,"grass","steel",0.1,7,1
"799",2,0.5,2,0.5,4,2,0.5,1,0.5,0.5,1,2,1,1,0,1,1,0.5,101,0,"15",53,5.5,223,"Guzzlord",97,53,43,"dark","dragon",888,7,1
"800",2,2,1,1,1,0.5,1,1,2,1,1,1,1,1,0.5,1,1,1,107,0,"3",101,2.4,97,"Necrozma",127,89,79,"psychic","",230,7,1
"801",0.25,0.5,0,1,0.5,1,2,0.5,1,0.5,2,0.5,0.5,0,0.5,0.5,1,1,95,0,"3",115,1,80,"Magearna",130,115,65,"steel","fairy",80.5,7,1
